"Molecule ChEMBL ID"	"Molecule Name"	"Molecule Max Phase"	"Molecular Weight"	"#RO5 Violations"	"AlogP"	"Compound Key"	"Smiles"	"Standard Type"	"Standard Relation"	"Standard Value"	"Standard Units"	"pChEMBL Value"	"Data Validity Comment"	"Comment"	"Uo Units"	"Ligand Efficiency BEI"	"Ligand Efficiency LE"	"Ligand Efficiency LLE"	"Ligand Efficiency SEI"	"Potential Duplicate"	"Assay ChEMBL ID"	"Assay Description"	"Assay Type"	"BAO Format ID"	"BAO Label"	"Assay Organism"	"Assay Tissue ChEMBL ID"	"Assay Tissue Name"	"Assay Cell Type"	"Assay Subcellular Fraction"	"Assay Parameters"	"Assay Variant Accession"	"Assay Variant Mutation"	"Target ChEMBL ID"	"Target Name"	"Target Organism"	"Target Type"	"Document ChEMBL ID"	"Source ID"	"Source Description"	"Document Journal"	"Document Year"	"Cell ChEMBL ID"	"Properties"	"Action Type"
"CHEMBL4202825"	""	"None"	"379.45"	"0"	"2.44"	"EUB0000460a"	"N#Cc1c(N)nc(SCC(N)=O)c(C#N)c1-c1ccc(OCC2CC2)cc1"	"Cell Viability"	"'='"	"0.0"	""	""	""	"Growth Rate"	""	""	""	""	""	"0"	"CHEMBL4725212"	"Incucyte cell viability with HEK293T"	"T"	"BAO_0000219"	"cell-based format"	"Homo sapiens"	"None"	"None"	"HEK-293T"	"None"	""	""	""	"CHEMBL3706568"	"HEK-293T"	"Homo sapiens"	"CELL-LINE"	"CHEMBL4689842"	"55"	"EUbOPEN Chemogenomic Library"	""	"2021"	"CHEMBL3706569"	"Compound concentration = 10.0 uM | Confluency (%) = 24.0 % | Growth Rate in DMSO (control) = 1.0 None | Replicate number = 1.0 None | Timepoint = 0.0 hours"	""
"CHEMBL4202825"	""	"None"	"379.45"	"0"	"2.44"	"EUB0000460a"	"N#Cc1c(N)nc(SCC(N)=O)c(C#N)c1-c1ccc(OCC2CC2)cc1"	"Cell Viability"	"'='"	"1.0"	""	""	""	"Growth Rate"	""	""	""	""	""	"0"	"CHEMBL4725214"	"Incucyte cell viability with U2OS"	"T"	"BAO_0000219"	"cell-based format"	"Homo sapiens"	"None"	"None"	"U2OS"	"None"	""	""	""	"CHEMBL615023"	"U2OS"	"Homo sapiens"	"CELL-LINE"	"CHEMBL4689842"	"55"	"EUbOPEN Chemogenomic Library"	""	"2021"	"CHEMBL3307757"	"Compound concentration = 10.0 uM | Confluency (%) = 59.0 % | Growth Rate in DMSO (control) = 0.0 None | Replicate number = 2.0 None | Timepoint = 12.0 hours"	""
"CHEMBL4202825"	""	"None"	"379.45"	"0"	"2.44"	"EUB0000460a"	"N#Cc1c(N)nc(SCC(N)=O)c(C#N)c1-c1ccc(OCC2CC2)cc1"	"Cell Viability"	"'='"	"1.0"	""	""	""	"Growth Rate"	""	""	""	""	""	"0"	"CHEMBL4725213"	"Incucyte cell viability with human fibroblast"	"T"	"BAO_0000219"	"cell-based format"	"Homo sapiens"	"None"	"None"	"Fibroblast"	"None"	""	""	""	"CHEMBL613838"	"Fibroblasts"	""	"CELL-LINE"	"CHEMBL4689842"	"55"	"EUbOPEN Chemogenomic Library"	""	"2021"	"CHEMBL4295351"	"Compound concentration = 10.0 uM | Confluency (%) = 10.0 % | Growth Rate in DMSO (control) = 1.0 None | Replicate number = 2.0 None | Timepoint = 12.0 hours"	""
"CHEMBL4202825"	""	"None"	"379.45"	"0"	"2.44"	"EUB0000460a"	"N#Cc1c(N)nc(SCC(N)=O)c(C#N)c1-c1ccc(OCC2CC2)cc1"	"Cell Viability"	"'='"	"1.0"	""	""	""	"Growth Rate"	""	""	""	""	""	"0"	"CHEMBL4725212"	"Incucyte cell viability with HEK293T"	"T"	"BAO_0000219"	"cell-based format"	"Homo sapiens"	"None"	"None"	"HEK-293T"	"None"	""	""	""	"CHEMBL3706568"	"HEK-293T"	"Homo sapiens"	"CELL-LINE"	"CHEMBL4689842"	"55"	"EUbOPEN Chemogenomic Library"	""	"2021"	"CHEMBL3706569"	"Compound concentration = 10.0 uM | Confluency (%) = 34.0 % | Growth Rate in DMSO (control) = 1.0 None | Replicate number = 1.0 None | Timepoint = 12.0 hours"	""
"CHEMBL4202825"	""	"None"	"379.45"	"0"	"2.44"	"EUB0000460a"	"N#Cc1c(N)nc(SCC(N)=O)c(C#N)c1-c1ccc(OCC2CC2)cc1"	"Cell Viability"	"'='"	"2.0"	""	""	""	"Growth Rate"	""	""	""	""	""	"0"	"CHEMBL4725213"	"Incucyte cell viability with human fibroblast"	"T"	"BAO_0000219"	"cell-based format"	"Homo sapiens"	"None"	"None"	"Fibroblast"	"None"	""	""	""	"CHEMBL613838"	"Fibroblasts"	""	"CELL-LINE"	"CHEMBL4689842"	"55"	"EUbOPEN Chemogenomic Library"	""	"2021"	"CHEMBL4295351"	"Compound concentration = 10.0 uM | Confluency (%) = 35.0 % | Growth Rate in DMSO (control) = 1.0 None | Replicate number = 1.0 None | Timepoint = 12.0 hours"	""
"CHEMBL4202825"	""	"None"	"379.45"	"0"	"2.44"	"EUB0000460a"	"N#Cc1c(N)nc(SCC(N)=O)c(C#N)c1-c1ccc(OCC2CC2)cc1"	"Cell Viability"	"'='"	"1.0"	""	""	""	"Growth Rate"	""	""	""	""	""	"0"	"CHEMBL4725214"	"Incucyte cell viability with U2OS"	"T"	"BAO_0000219"	"cell-based format"	"Homo sapiens"	"None"	"None"	"U2OS"	"None"	""	""	""	"CHEMBL615023"	"U2OS"	"Homo sapiens"	"CELL-LINE"	"CHEMBL4689842"	"55"	"EUbOPEN Chemogenomic Library"	""	"2021"	"CHEMBL3307757"	"Compound concentration = 10.0 uM | Confluency (%) = 70.0 % | Growth Rate in DMSO (control) = 0.0 None | Replicate number = 2.0 None | Timepoint = 18.0 hours"	""
"CHEMBL4202825"	""	"None"	"379.45"	"0"	"2.44"	"EUB0000460a"	"N#Cc1c(N)nc(SCC(N)=O)c(C#N)c1-c1ccc(OCC2CC2)cc1"	"Cell Viability"	"'='"	"0.0"	""	""	""	"Growth Rate"	""	""	""	""	""	"0"	"CHEMBL4725212"	"Incucyte cell viability with HEK293T"	"T"	"BAO_0000219"	"cell-based format"	"Homo sapiens"	"None"	"None"	"HEK-293T"	"None"	""	""	""	"CHEMBL3706568"	"HEK-293T"	"Homo sapiens"	"CELL-LINE"	"CHEMBL4689842"	"55"	"EUbOPEN Chemogenomic Library"	""	"2021"	"CHEMBL3706569"	"Compound concentration = 10.0 uM | Confluency (%) = 28.0 % | Growth Rate in DMSO (control) = 0.0 None | Replicate number = 2.0 None | Timepoint = 24.0 hours"	""
"CHEMBL4202825"	""	"None"	"379.45"	"0"	"2.44"	"EUB0000460a"	"N#Cc1c(N)nc(SCC(N)=O)c(C#N)c1-c1ccc(OCC2CC2)cc1"	"Cell Viability"	"'='"	"0.0"	""	""	""	"Growth Rate"	""	""	""	""	""	"0"	"CHEMBL4725214"	"Incucyte cell viability with U2OS"	"T"	"BAO_0000219"	"cell-based format"	"Homo sapiens"	"None"	"None"	"U2OS"	"None"	""	""	""	"CHEMBL615023"	"U2OS"	"Homo sapiens"	"CELL-LINE"	"CHEMBL4689842"	"55"	"EUbOPEN Chemogenomic Library"	""	"2021"	"CHEMBL3307757"	"Compound concentration = 10.0 uM | Confluency (%) = 44.0 % | Growth Rate in DMSO (control) = 491.0 None | Replicate number = 2.0 None | Timepoint = 0.0 hours"	""
"CHEMBL4202825"	""	"None"	"379.45"	"0"	"2.44"	"EUB0000460a"	"N#Cc1c(N)nc(SCC(N)=O)c(C#N)c1-c1ccc(OCC2CC2)cc1"	"Cell Viability"	"'='"	"0.0"	""	""	""	"Growth Rate"	""	""	""	""	""	"0"	"CHEMBL4725213"	"Incucyte cell viability with human fibroblast"	"T"	"BAO_0000219"	"cell-based format"	"Homo sapiens"	"None"	"None"	"Fibroblast"	"None"	""	""	""	"CHEMBL613838"	"Fibroblasts"	""	"CELL-LINE"	"CHEMBL4689842"	"55"	"EUbOPEN Chemogenomic Library"	""	"2021"	"CHEMBL4295351"	"Compound concentration = 10.0 uM | Confluency (%) = 23.0 % | Growth Rate in DMSO (control) = 1.0 None | Replicate number = 1.0 None | Timepoint = 0.0 hours"	""
"CHEMBL4202825"	""	"None"	"379.45"	"0"	"2.44"	"EUB0000460a"	"N#Cc1c(N)nc(SCC(N)=O)c(C#N)c1-c1ccc(OCC2CC2)cc1"	"Cell Viability"	"'='"	"27.0"	""	""	""	"Growth Rate"	""	""	""	""	""	"0"	"CHEMBL4725214"	"Incucyte cell viability with U2OS"	"T"	"BAO_0000219"	"cell-based format"	"Homo sapiens"	"None"	"None"	"U2OS"	"None"	""	""	""	"CHEMBL615023"	"U2OS"	"Homo sapiens"	"CELL-LINE"	"CHEMBL4689842"	"55"	"EUbOPEN Chemogenomic Library"	""	"2021"	"CHEMBL3307757"	"Compound concentration = 10.0 uM | Confluency (%) = 16.0 % | Growth Rate in DMSO (control) = 1.0 None | Replicate number = 1.0 None | Timepoint = 6.0 hours"	""
"CHEMBL4202825"	""	"None"	"379.45"	"0"	"2.44"	"1; BAY60-6583"	"N#Cc1c(N)nc(SCC(N)=O)c(C#N)c1-c1ccc(OCC2CC2)cc1"	"Inhibition"	"'='"	"31.0"	"%"	""	""	""	"UO_0000187"	""	""	""	""	"0"	"CHEMBL4198434"	"Displacement of [3H]DPCPX from human adenosine A1 receptor expressed in CHO cell membranes at 1 uM after 90 mins by scintillation counting analysis"	"B"	"BAO_0000219"	"cell-based format"	"Homo sapiens"	"None"	"None"	"CHO"	"None"	""	""	""	"CHEMBL226"	"Adenosine A1 receptor"	"Homo sapiens"	"SINGLE PROTEIN"	"CHEMBL4196073"	"1"	"Scientific Literature"	"Eur J Med Chem"	"2018"	"None"	""	""
"CHEMBL4202825"	""	"None"	"379.45"	"0"	"2.44"	"BAY-60-6583"	"N#Cc1c(N)nc(SCC(N)=O)c(C#N)c1-c1ccc(OCC2CC2)cc1"	"Inhibition"	"'='"	"0.2"	"%"	""	""	""	"UO_0000187"	""	""	""	""	"0"	"CHEMBL4303805"	"Antiviral activity determined as inhibition of SARS-CoV-2 induced cytotoxicity of Caco-2 cells at 10 uM after 48 hours by high content imaging"	"F"	"BAO_0000218"	"organism-based format"	"Homo sapiens"	"None"	"None"	"Caco-2"	"None"	""	""	""	"CHEMBL4303835"	"SARS-CoV-2"	"Severe acute respiratory syndrome coronavirus 2"	"ORGANISM"	"CHEMBL4303101"	"52"	"SARS-CoV-2 Screening Data 2020-21"	""	"2020"	"CHEMBL3307519"	""	""
"CHEMBL4202825"	""	"None"	"379.45"	"0"	"2.44"	"EUB0000460a"	"N#Cc1c(N)nc(SCC(N)=O)c(C#N)c1-c1ccc(OCC2CC2)cc1"	"Cell Viability"	"'='"	"0.0"	""	""	""	"Growth Rate"	""	""	""	""	""	"0"	"CHEMBL4725214"	"Incucyte cell viability with U2OS"	"T"	"BAO_0000219"	"cell-based format"	"Homo sapiens"	"None"	"None"	"U2OS"	"None"	""	""	""	"CHEMBL615023"	"U2OS"	"Homo sapiens"	"CELL-LINE"	"CHEMBL4689842"	"55"	"EUbOPEN Chemogenomic Library"	""	"2021"	"CHEMBL3307757"	"Compound concentration = 10.0 uM | Confluency (%) = 13.0 % | Growth Rate in DMSO (control) = 491.0 None | Replicate number = 1.0 None | Timepoint = 0.0 hours"	""
"CHEMBL4202825"	""	"None"	"379.45"	"0"	"2.44"	"EUB0000460a"	"N#Cc1c(N)nc(SCC(N)=O)c(C#N)c1-c1ccc(OCC2CC2)cc1"	"Cell Viability"	"'='"	"1.0"	""	""	""	"Growth Rate"	""	""	""	""	""	"0"	"CHEMBL4725213"	"Incucyte cell viability with human fibroblast"	"T"	"BAO_0000219"	"cell-based format"	"Homo sapiens"	"None"	"None"	"Fibroblast"	"None"	""	""	""	"CHEMBL613838"	"Fibroblasts"	""	"CELL-LINE"	"CHEMBL4689842"	"55"	"EUbOPEN Chemogenomic Library"	""	"2021"	"CHEMBL4295351"	"Compound concentration = 10.0 uM | Confluency (%) = 11.0 % | Growth Rate in DMSO (control) = 1.0 None | Replicate number = 2.0 None | Timepoint = 18.0 hours"	""
"CHEMBL4202825"	""	"None"	"379.45"	"0"	"2.44"	"EUB0000460a"	"N#Cc1c(N)nc(SCC(N)=O)c(C#N)c1-c1ccc(OCC2CC2)cc1"	"Cell Viability"	"'='"	"0.0"	""	""	""	"Growth Rate"	""	""	""	""	""	"0"	"CHEMBL4725214"	"Incucyte cell viability with U2OS"	"T"	"BAO_0000219"	"cell-based format"	"Homo sapiens"	"None"	"None"	"U2OS"	"None"	""	""	""	"CHEMBL615023"	"U2OS"	"Homo sapiens"	"CELL-LINE"	"CHEMBL4689842"	"55"	"EUbOPEN Chemogenomic Library"	""	"2021"	"CHEMBL3307757"	"Compound concentration = 10.0 uM | Confluency (%) = 51.0 % | Growth Rate in DMSO (control) = 1.0 None | Replicate number = 2.0 None | Timepoint = 6.0 hours"	""
"CHEMBL4202825"	""	"None"	"379.45"	"0"	"2.44"	"EUB0000460a"	"N#Cc1c(N)nc(SCC(N)=O)c(C#N)c1-c1ccc(OCC2CC2)cc1"	"Cell Viability"	"'='"	"2.0"	""	""	""	"Growth Rate"	""	""	""	""	""	"0"	"CHEMBL4725213"	"Incucyte cell viability with human fibroblast"	"T"	"BAO_0000219"	"cell-based format"	"Homo sapiens"	"None"	"None"	"Fibroblast"	"None"	""	""	""	"CHEMBL613838"	"Fibroblasts"	""	"CELL-LINE"	"CHEMBL4689842"	"55"	"EUbOPEN Chemogenomic Library"	""	"2021"	"CHEMBL4295351"	"Compound concentration = 10.0 uM | Confluency (%) = 41.0 % | Growth Rate in DMSO (control) = 1.0 None | Replicate number = 1.0 None | Timepoint = 18.0 hours"	""
"CHEMBL4202825"	""	"None"	"379.45"	"0"	"2.44"	"1; BAY60-6583"	"N#Cc1c(N)nc(SCC(N)=O)c(C#N)c1-c1ccc(OCC2CC2)cc1"	"EC50"	"'='"	"31.0"	"nM"	"7.51"	""	""	"UO_0000065"	""	""	""	""	"0"	"CHEMBL4198439"	"Agonist activity at human adenosine A2B receptor expressed in CHO cell membranes assessed as induction of cAMP accumulation by AlphaScreen assay"	"F"	"BAO_0000219"	"cell-based format"	"Homo sapiens"	"None"	"None"	"CHO"	"None"	""	""	""	"CHEMBL255"	"Adenosine A2b receptor"	"Homo sapiens"	"SINGLE PROTEIN"	"CHEMBL4196073"	"1"	"Scientific Literature"	"Eur J Med Chem"	"2018"	"None"	""	""
"CHEMBL4202825"	""	"None"	"379.45"	"0"	"2.44"	"EUB0000460a"	"N#Cc1c(N)nc(SCC(N)=O)c(C#N)c1-c1ccc(OCC2CC2)cc1"	"Delta TM"	"'='"	"0.5671"	"C"	""	""	"Thermal Shift Assay"	""	""	""	""	""	"0"	"CHEMBL5060077"	"Thermal Shift Assay. Domain: start/stop: S229-K512"	"B"	"BAO_0000357"	"single protein format"	"None"	"None"	"None"	"None"	"None"	"Protein Sequences: MHHHHHHSSGVDLGTENLYFQSMSPNYDKWEMERTDITMKHKLGGGQYGEVYEGVWKKYSLTVAVKTLKEDTMEVEEFLKEAAVMKEIKHPNLVQLLGVCTREPPFYIITEFMTYGNLLDYLRECNRQEVNAVVLLYMATQISSAMEYLEKKNFIHRDLAARNCLVGENHLVKVADFGLSRLMTGDTYTAHAGAKFPIKWTAPESLAYNKFSIKSDVWAFGVLLWEIATYGMSPYPGIDLSQVYELLEKDYRMERPEGCPEKVYELMRACWQWNPSDRPSFAEIHQAFETMFQESSISDEVEKELGK | Refseq Start/Stop: S229-K512"	""	""	"CHEMBL1862"	"Tyrosine-protein kinase ABL"	"Homo sapiens"	"SINGLE PROTEIN"	"CHEMBL4632348"	"55"	"EUbOPEN Chemogenomic Library"	""	""	"None"	"Compound concentration = 20.0 uM | Protein concentration = 2.0 uM"	""
"CHEMBL4202825"	""	"None"	"379.45"	"0"	"2.44"	"1; BAY60-6583"	"N#Cc1c(N)nc(SCC(N)=O)c(C#N)c1-c1ccc(OCC2CC2)cc1"	"Inhibition"	"'='"	"2.0"	"%"	""	""	""	"UO_0000187"	""	""	""	""	"0"	"CHEMBL4198436"	"Displacement of [3H]-ZM241385 from human adenosine A2A receptor expressed in CHO cell membranes at 1 uM after 60 mins by scintillation counting analysis"	"B"	"BAO_0000219"	"cell-based format"	"Homo sapiens"	"None"	"None"	"CHO"	"None"	""	""	""	"CHEMBL251"	"Adenosine A2a receptor"	"Homo sapiens"	"SINGLE PROTEIN"	"CHEMBL4196073"	"1"	"Scientific Literature"	"Eur J Med Chem"	"2018"	"None"	""	""
"CHEMBL4202825"	""	"None"	"379.45"	"0"	"2.44"	"1; BAY60-6583"	"N#Cc1c(N)nc(SCC(N)=O)c(C#N)c1-c1ccc(OCC2CC2)cc1"	"Inhibition"	"'='"	"8.0"	"%"	""	""	""	"UO_0000187"	""	""	""	""	"0"	"CHEMBL4198438"	"Displacement of [125I]-ABMECA from human adenosine A3 receptor expressed in CHO cell membranes at 1 uM after 120 mins by scintillation counting analysis"	"B"	"BAO_0000219"	"cell-based format"	"Homo sapiens"	"None"	"None"	"CHO"	"None"	""	""	""	"CHEMBL256"	"Adenosine A3 receptor"	"Homo sapiens"	"SINGLE PROTEIN"	"CHEMBL4196073"	"1"	"Scientific Literature"	"Eur J Med Chem"	"2018"	"None"	""	""
"CHEMBL4202825"	""	"None"	"379.45"	"0"	"2.44"	"BAY-60-6583"	"N#Cc1c(N)nc(SCC(N)=O)c(C#N)c1-c1ccc(OCC2CC2)cc1"	"Inhibition"	"'='"	"-2.816"	"%"	""	""	""	"UO_0000187"	""	""	""	""	"0"	"CHEMBL4495582"	"SARS-CoV-2 3CL-Pro protease inhibition percentage at 20ÂµM  by FRET kind of response from peptide substrate"	"F"	"BAO_0000019"	"assay format"	"Severe acute respiratory syndrome coronavirus 2"	"None"	"None"	"None"	"None"	""	""	""	"CHEMBL4523582"	"Replicase polyprotein 1ab"	"Severe acute respiratory syndrome coronavirus 2"	"SINGLE PROTEIN"	"CHEMBL4495564"	"52"	"SARS-CoV-2 Screening Data 2020-21"	""	"2020"	"None"	""	""
"CHEMBL4202825"	""	"None"	"379.45"	"0"	"2.44"	"EUB0000460a"	"N#Cc1c(N)nc(SCC(N)=O)c(C#N)c1-c1ccc(OCC2CC2)cc1"	"%Inhib (Mean)"	"'='"	"-33.98"	"%"	""	""	"Antagonist %Inhib (Mean)"	"UO_0000187"	""	""	""	""	"0"	"CHEMBL5209802"	"GPCR beta-arrestin recruitment assay with target: ADGRF1 Assay Type: PRESTO-Tango Concentration: 0.00001"	"F"	"BAO_0000019"	"assay format"	"Homo sapiens"	"None"	"None"	"None"	"None"	""	""	""	"CHEMBL4523872"	"Adhesion G-protein coupled receptor F1"	"Homo sapiens"	"SINGLE PROTEIN"	"CHEMBL5209801"	"55"	"EUbOPEN Chemogenomic Library"	""	"2023"	"None"	"Hit: PAM | Reference agonist: Loperamide"	"POSITIVE ALLOSTERIC MODULATOR"
"CHEMBL4202825"	""	"None"	"379.45"	"0"	"2.44"	"EUB0000460a"	"N#Cc1c(N)nc(SCC(N)=O)c(C#N)c1-c1ccc(OCC2CC2)cc1"	"%Inhib (Mean)"	"'='"	"-40.9"	"%"	""	""	"Antagonist %Inhib (Mean)"	"UO_0000187"	""	""	""	""	"0"	"CHEMBL5209830"	"GPCR beta-arrestin recruitment assay with target: GLP1R Assay Type: PRESTO-Tango Concentration: 0.000002"	"F"	"BAO_0000019"	"assay format"	"Homo sapiens"	"None"	"None"	"None"	"None"	""	""	""	"CHEMBL1784"	"Glucagon-like peptide 1 receptor"	"Homo sapiens"	"SINGLE PROTEIN"	"CHEMBL5209801"	"55"	"EUbOPEN Chemogenomic Library"	""	"2023"	"None"	"Hit: PAM | Reference agonist: Liraglutide"	"POSITIVE ALLOSTERIC MODULATOR"
"CHEMBL4202825"	""	"None"	"379.45"	"0"	"2.44"	"EUB0000460a"	"N#Cc1c(N)nc(SCC(N)=O)c(C#N)c1-c1ccc(OCC2CC2)cc1"	"%Inhib (Mean)"	"'='"	"-44.06"	"%"	""	""	"Antagonist %Inhib (Mean)"	"UO_0000187"	""	""	""	""	"0"	"CHEMBL5209825"	"GPCR beta-arrestin recruitment assay with target: FFAR4 Assay Type: PRESTO-Tango Concentration: 0.0000004"	"F"	"BAO_0000019"	"assay format"	"Homo sapiens"	"None"	"None"	"None"	"None"	""	""	""	"CHEMBL5339"	"G-protein coupled receptor 120"	"Homo sapiens"	"SINGLE PROTEIN"	"CHEMBL5209801"	"55"	"EUbOPEN Chemogenomic Library"	""	"2023"	"None"	"Comments: Confirmed PAM hit | Hit: PAM | Reference agonist: GPR120 Compound A"	"POSITIVE ALLOSTERIC MODULATOR"
"CHEMBL4202825"	""	"None"	"379.45"	"0"	"2.44"	"EUB0000460a"	"N#Cc1c(N)nc(SCC(N)=O)c(C#N)c1-c1ccc(OCC2CC2)cc1"	"%Inhib (Mean)"	"'='"	"-29.9"	"%"	""	""	"Antagonist %Inhib (Mean)"	"UO_0000187"	""	""	""	""	"0"	"CHEMBL5209804"	"GPCR beta-arrestin recruitment assay with target: ADGRF1 Assay Type: PRESTO-Tango Concentration: 0.0000004"	"F"	"BAO_0000019"	"assay format"	"Homo sapiens"	"None"	"None"	"None"	"None"	""	""	""	"CHEMBL4523872"	"Adhesion G-protein coupled receptor F1"	"Homo sapiens"	"SINGLE PROTEIN"	"CHEMBL5209801"	"55"	"EUbOPEN Chemogenomic Library"	""	"2023"	"None"	"Hit: PAM | Reference agonist: Loperamide"	"POSITIVE ALLOSTERIC MODULATOR"
"CHEMBL4202825"	""	"None"	"379.45"	"0"	"2.44"	"EUB0000460a"	"N#Cc1c(N)nc(SCC(N)=O)c(C#N)c1-c1ccc(OCC2CC2)cc1"	"%Inhib (Mean)"	"'='"	"-139.8"	"%"	""	""	"Antagonist %Inhib (Mean)"	"UO_0000187"	""	""	""	""	"0"	"CHEMBL5209823"	"GPCR beta-arrestin recruitment assay with target: FFAR4 Assay Type: PRESTO-Tango Concentration: 0.00001"	"F"	"BAO_0000019"	"assay format"	"Homo sapiens"	"None"	"None"	"None"	"None"	""	""	""	"CHEMBL5339"	"G-protein coupled receptor 120"	"Homo sapiens"	"SINGLE PROTEIN"	"CHEMBL5209801"	"55"	"EUbOPEN Chemogenomic Library"	""	"2023"	"None"	"Hit: PAM | Reference agonist: GPR120 Compound A"	"POSITIVE ALLOSTERIC MODULATOR"
"CHEMBL4202825"	""	"None"	"379.45"	"0"	"2.44"	"EUB0000460a"	"N#Cc1c(N)nc(SCC(N)=O)c(C#N)c1-c1ccc(OCC2CC2)cc1"	"%Max (Mean)"	"'='"	"2.292"	"%"	""	""	"Agonist %Max (Mean)"	"UO_0000187"	""	""	""	""	"0"	"CHEMBL5209814"	"GPCR beta-arrestin recruitment assay with target: APLNR Assay Type: PRESTO-Tango Concentration: 0.00001"	"F"	"BAO_0000019"	"assay format"	"Homo sapiens"	"None"	"None"	"None"	"None"	""	""	""	"CHEMBL1628481"	"Apelin receptor"	"Homo sapiens"	"SINGLE PROTEIN"	"CHEMBL5209801"	"55"	"EUbOPEN Chemogenomic Library"	""	"2023"	"None"	"Reference agonist: Apelin-13"	""
"CHEMBL4202825"	""	"None"	"379.45"	"0"	"2.44"	"EUB0000460a"	"N#Cc1c(N)nc(SCC(N)=O)c(C#N)c1-c1ccc(OCC2CC2)cc1"	"%Inhib (Mean)"	"'='"	"-24.19"	"%"	""	""	"Antagonist %Inhib (Mean)"	"UO_0000187"	""	""	""	""	"0"	"CHEMBL5209831"	"GPCR beta-arrestin recruitment assay with target: GLP1R Assay Type: PRESTO-Tango Concentration: 0.0000004"	"F"	"BAO_0000019"	"assay format"	"Homo sapiens"	"None"	"None"	"None"	"None"	""	""	""	"CHEMBL1784"	"Glucagon-like peptide 1 receptor"	"Homo sapiens"	"SINGLE PROTEIN"	"CHEMBL5209801"	"55"	"EUbOPEN Chemogenomic Library"	""	"2023"	"None"	"Hit: PAM | Reference agonist: Liraglutide"	"POSITIVE ALLOSTERIC MODULATOR"
"CHEMBL4202825"	""	"None"	"379.45"	"0"	"2.44"	"EUB0000460a"	"N#Cc1c(N)nc(SCC(N)=O)c(C#N)c1-c1ccc(OCC2CC2)cc1"	"Cell Viability"	"'='"	"1.0"	""	""	""	"Growth Rate"	""	""	""	""	""	"0"	"CHEMBL4725212"	"Incucyte cell viability with HEK293T"	"T"	"BAO_0000219"	"cell-based format"	"Homo sapiens"	"None"	"None"	"HEK-293T"	"None"	""	""	""	"CHEMBL3706568"	"HEK-293T"	"Homo sapiens"	"CELL-LINE"	"CHEMBL4689842"	"55"	"EUbOPEN Chemogenomic Library"	""	"2021"	"CHEMBL3706569"	"Compound concentration = 10.0 uM | Confluency (%) = 16.0 % | Growth Rate in DMSO (control) = 1.0 None | Replicate number = 2.0 None | Timepoint = 6.0 hours"	""
"CHEMBL4202825"	""	"None"	"379.45"	"0"	"2.44"	"EUB0000460a"	"N#Cc1c(N)nc(SCC(N)=O)c(C#N)c1-c1ccc(OCC2CC2)cc1"	"Cell Viability"	"'='"	"0.0"	""	""	""	"Growth Rate"	""	""	""	""	""	"0"	"CHEMBL4725213"	"Incucyte cell viability with human fibroblast"	"T"	"BAO_0000219"	"cell-based format"	"Homo sapiens"	"None"	"None"	"Fibroblast"	"None"	""	""	""	"CHEMBL613838"	"Fibroblasts"	""	"CELL-LINE"	"CHEMBL4689842"	"55"	"EUbOPEN Chemogenomic Library"	""	"2021"	"CHEMBL4295351"	"Compound concentration = 10.0 uM | Confluency (%) = 9.0 % | Growth Rate in DMSO (control) = 2.0 None | Replicate number = 2.0 None | Timepoint = 6.0 hours"	""
"CHEMBL4202825"	""	"None"	"379.45"	"0"	"2.44"	"EUB0000460a"	"N#Cc1c(N)nc(SCC(N)=O)c(C#N)c1-c1ccc(OCC2CC2)cc1"	"Cell Viability"	"'='"	"0.0"	""	""	""	"Growth Rate"	""	""	""	""	""	"0"	"CHEMBL4725212"	"Incucyte cell viability with HEK293T"	"T"	"BAO_0000219"	"cell-based format"	"Homo sapiens"	"None"	"None"	"HEK-293T"	"None"	""	""	""	"CHEMBL3706568"	"HEK-293T"	"Homo sapiens"	"CELL-LINE"	"CHEMBL4689842"	"55"	"EUbOPEN Chemogenomic Library"	""	"2021"	"CHEMBL3706569"	"Compound concentration = 10.0 uM | Confluency (%) = 21.0 % | Growth Rate in DMSO (control) = 0.0 None | Replicate number = 2.0 None | Timepoint = 18.0 hours"	""
"CHEMBL4202825"	""	"None"	"379.45"	"0"	"2.44"	"EUB0000460a"	"N#Cc1c(N)nc(SCC(N)=O)c(C#N)c1-c1ccc(OCC2CC2)cc1"	"Cell Viability"	"'='"	"1.0"	""	""	""	"Growth Rate"	""	""	""	""	""	"0"	"CHEMBL4725214"	"Incucyte cell viability with U2OS"	"T"	"BAO_0000219"	"cell-based format"	"Homo sapiens"	"None"	"None"	"U2OS"	"None"	""	""	""	"CHEMBL615023"	"U2OS"	"Homo sapiens"	"CELL-LINE"	"CHEMBL4689842"	"55"	"EUbOPEN Chemogenomic Library"	""	"2021"	"CHEMBL3307757"	"Compound concentration = 10.0 uM | Confluency (%) = 23.0 % | Growth Rate in DMSO (control) = 0.0 None | Replicate number = 1.0 None | Timepoint = 18.0 hours"	""
"CHEMBL4202825"	""	"None"	"379.45"	"0"	"2.44"	"BAY-60-6583"	"N#Cc1c(N)nc(SCC(N)=O)c(C#N)c1-c1ccc(OCC2CC2)cc1"	"Inhibition"	"'='"	"0.49"	"%"	""	""	""	"UO_0000187"	""	""	""	""	"0"	"CHEMBL4513082"	"Antiviral activity determined as inhibition of SARS-CoV-2 induced cytotoxicity of VERO-6 cells at 10 uM after 48 hours exposure to 0.01 MOI SARS CoV-2 virus by high content imaging"	"F"	"BAO_0000218"	"organism-based format"	"Chlorocebus sabaeus"	"None"	"None"	"Vero C1008"	"None"	""	""	""	"CHEMBL4303835"	"SARS-CoV-2"	"Severe acute respiratory syndrome coronavirus 2"	"ORGANISM"	"CHEMBL4495565"	"52"	"SARS-CoV-2 Screening Data 2020-21"	""	"2020"	"CHEMBL4295411"	""	""
"CHEMBL4202825"	""	"None"	"379.45"	"0"	"2.44"	"EUB0000460a"	"N#Cc1c(N)nc(SCC(N)=O)c(C#N)c1-c1ccc(OCC2CC2)cc1"	"Cell Viability"	"'='"	"4.0"	""	""	""	"Growth Rate"	""	""	""	""	""	"0"	"CHEMBL4725213"	"Incucyte cell viability with human fibroblast"	"T"	"BAO_0000219"	"cell-based format"	"Homo sapiens"	"None"	"None"	"Fibroblast"	"None"	""	""	""	"CHEMBL613838"	"Fibroblasts"	""	"CELL-LINE"	"CHEMBL4689842"	"55"	"EUbOPEN Chemogenomic Library"	""	"2021"	"CHEMBL4295351"	"Compound concentration = 10.0 uM | Confluency (%) = 8.0 % | Growth Rate in DMSO (control) = 1.0 None | Replicate number = 2.0 None | Timepoint = 0.0 hours"	""
"CHEMBL4202825"	""	"None"	"379.45"	"0"	"2.44"	"EUB0000460a"	"N#Cc1c(N)nc(SCC(N)=O)c(C#N)c1-c1ccc(OCC2CC2)cc1"	"Cell Viability"	"'='"	"0.0"	""	""	""	"Growth Rate"	""	""	""	""	""	"0"	"CHEMBL4725212"	"Incucyte cell viability with HEK293T"	"T"	"BAO_0000219"	"cell-based format"	"Homo sapiens"	"None"	"None"	"HEK-293T"	"None"	""	""	""	"CHEMBL3706568"	"HEK-293T"	"Homo sapiens"	"CELL-LINE"	"CHEMBL4689842"	"55"	"EUbOPEN Chemogenomic Library"	""	"2021"	"CHEMBL3706569"	"Compound concentration = 10.0 uM | Confluency (%) = 41.0 % | Growth Rate in DMSO (control) = 0.0 None | Replicate number = 1.0 None | Timepoint = 18.0 hours"	""
"CHEMBL4202825"	""	"None"	"379.45"	"0"	"2.44"	"EUB0000460a"	"N#Cc1c(N)nc(SCC(N)=O)c(C#N)c1-c1ccc(OCC2CC2)cc1"	"Cell Viability"	"'='"	"0.0"	""	""	""	"Growth Rate"	""	""	""	""	""	"0"	"CHEMBL4725212"	"Incucyte cell viability with HEK293T"	"T"	"BAO_0000219"	"cell-based format"	"Homo sapiens"	"None"	"None"	"HEK-293T"	"None"	""	""	""	"CHEMBL3706568"	"HEK-293T"	"Homo sapiens"	"CELL-LINE"	"CHEMBL4689842"	"55"	"EUbOPEN Chemogenomic Library"	""	"2021"	"CHEMBL3706569"	"Compound concentration = 10.0 uM | Confluency (%) = 53.0 % | Growth Rate in DMSO (control) = 0.0 None | Replicate number = 1.0 None | Timepoint = 24.0 hours"	""
"CHEMBL4202825"	""	"None"	"379.45"	"0"	"2.44"	"EUB0000460a"	"N#Cc1c(N)nc(SCC(N)=O)c(C#N)c1-c1ccc(OCC2CC2)cc1"	"Cell Viability"	"'='"	"1.0"	""	""	""	"Growth Rate"	""	""	""	""	""	"0"	"CHEMBL4725214"	"Incucyte cell viability with U2OS"	"T"	"BAO_0000219"	"cell-based format"	"Homo sapiens"	"None"	"None"	"U2OS"	"None"	""	""	""	"CHEMBL615023"	"U2OS"	"Homo sapiens"	"CELL-LINE"	"CHEMBL4689842"	"55"	"EUbOPEN Chemogenomic Library"	""	"2021"	"CHEMBL3307757"	"Compound concentration = 10.0 uM | Confluency (%) = 26.0 % | Growth Rate in DMSO (control) = 0.0 None | Replicate number = 1.0 None | Timepoint = 24.0 hours"	""
"CHEMBL4202825"	""	"None"	"379.45"	"0"	"2.44"	"BAY-60-6583"	"N#Cc1c(N)nc(SCC(N)=O)c(C#N)c1-c1ccc(OCC2CC2)cc1"	"Inhibition"	"'='"	"0.49"	"%"	""	""	""	"UO_0000187"	""	""	""	""	"0"	"CHEMBL4513082"	"Antiviral activity determined as inhibition of SARS-CoV-2 induced cytotoxicity of VERO-6 cells at 10 uM after 48 hours exposure to 0.01 MOI SARS CoV-2 virus by high content imaging"	"F"	"BAO_0000218"	"organism-based format"	"Chlorocebus sabaeus"	"None"	"None"	"Vero C1008"	"None"	""	""	""	"CHEMBL4303835"	"SARS-CoV-2"	"Severe acute respiratory syndrome coronavirus 2"	"ORGANISM"	"CHEMBL4495565"	"52"	"SARS-CoV-2 Screening Data 2020-21"	""	"2020"	"CHEMBL4295411"	""	""
"CHEMBL4202825"	""	"None"	"379.45"	"0"	"2.44"	"EUB0000460a"	"N#Cc1c(N)nc(SCC(N)=O)c(C#N)c1-c1ccc(OCC2CC2)cc1"	"Cell Viability"	"'='"	"1.0"	""	""	""	"Growth Rate"	""	""	""	""	""	"0"	"CHEMBL4725213"	"Incucyte cell viability with human fibroblast"	"T"	"BAO_0000219"	"cell-based format"	"Homo sapiens"	"None"	"None"	"Fibroblast"	"None"	""	""	""	"CHEMBL613838"	"Fibroblasts"	""	"CELL-LINE"	"CHEMBL4689842"	"55"	"EUbOPEN Chemogenomic Library"	""	"2021"	"CHEMBL4295351"	"Compound concentration = 10.0 uM | Confluency (%) = 43.0 % | Growth Rate in DMSO (control) = 1.0 None | Replicate number = 1.0 None | Timepoint = 24.0 hours"	""
"CHEMBL4202825"	""	"None"	"379.45"	"0"	"2.44"	"EUB0000460a"	"N#Cc1c(N)nc(SCC(N)=O)c(C#N)c1-c1ccc(OCC2CC2)cc1"	"Cell Viability"	"'='"	"0.0"	""	""	""	"Growth Rate"	""	""	""	""	""	"0"	"CHEMBL4725212"	"Incucyte cell viability with HEK293T"	"T"	"BAO_0000219"	"cell-based format"	"Homo sapiens"	"None"	"None"	"HEK-293T"	"None"	""	""	""	"CHEMBL3706568"	"HEK-293T"	"Homo sapiens"	"CELL-LINE"	"CHEMBL4689842"	"55"	"EUbOPEN Chemogenomic Library"	""	"2021"	"CHEMBL3706569"	"Compound concentration = 10.0 uM | Confluency (%) = 14.0 % | Growth Rate in DMSO (control) = 1.0 None | Replicate number = 2.0 None | Timepoint = 0.0 hours"	""
"CHEMBL4202825"	""	"None"	"379.45"	"0"	"2.44"	"EUB0000460a"	"N#Cc1c(N)nc(SCC(N)=O)c(C#N)c1-c1ccc(OCC2CC2)cc1"	"Cell Viability"	"'='"	"1.0"	""	""	""	"Growth Rate"	""	""	""	""	""	"0"	"CHEMBL4725214"	"Incucyte cell viability with U2OS"	"T"	"BAO_0000219"	"cell-based format"	"Homo sapiens"	"None"	"None"	"U2OS"	"None"	""	""	""	"CHEMBL615023"	"U2OS"	"Homo sapiens"	"CELL-LINE"	"CHEMBL4689842"	"55"	"EUbOPEN Chemogenomic Library"	""	"2021"	"CHEMBL3307757"	"Compound concentration = 10.0 uM | Confluency (%) = 20.0 % | Growth Rate in DMSO (control) = 0.0 None | Replicate number = 1.0 None | Timepoint = 12.0 hours"	""
"CHEMBL4202825"	""	"None"	"379.45"	"0"	"2.44"	"EUB0000460a"	"N#Cc1c(N)nc(SCC(N)=O)c(C#N)c1-c1ccc(OCC2CC2)cc1"	"Cell Viability"	"'='"	"1.0"	""	""	""	"Growth Rate"	""	""	""	""	""	"0"	"CHEMBL4725213"	"Incucyte cell viability with human fibroblast"	"T"	"BAO_0000219"	"cell-based format"	"Homo sapiens"	"None"	"None"	"Fibroblast"	"None"	""	""	""	"CHEMBL613838"	"Fibroblasts"	""	"CELL-LINE"	"CHEMBL4689842"	"55"	"EUbOPEN Chemogenomic Library"	""	"2021"	"CHEMBL4295351"	"Compound concentration = 10.0 uM | Confluency (%) = 11.0 % | Growth Rate in DMSO (control) = 1.0 None | Replicate number = 2.0 None | Timepoint = 24.0 hours"	""
"CHEMBL4202825"	""	"None"	"379.45"	"0"	"2.44"	"EUB0000460a"	"N#Cc1c(N)nc(SCC(N)=O)c(C#N)c1-c1ccc(OCC2CC2)cc1"	"%Inhib (Mean)"	"'='"	"20.13"	"%"	""	""	"Antagonist %Inhib (Mean)"	"UO_0000187"	""	""	""	""	"0"	"CHEMBL5209817"	"GPCR beta-arrestin recruitment assay with target: C5AR1 Assay Type: PRESTO-Tango Concentration: 0.00001"	"F"	"BAO_0000019"	"assay format"	"Homo sapiens"	"None"	"None"	"None"	"None"	""	""	""	"CHEMBL2373"	"C5a anaphylatoxin chemotactic receptor"	"Homo sapiens"	"SINGLE PROTEIN"	"CHEMBL5209801"	"55"	"EUbOPEN Chemogenomic Library"	""	"2023"	"None"	"Comments: Single plate screen. Agonist challenge gave 33% of max. response | Reference agonist: Anaphylatoxin"	""
"CHEMBL4202825"	""	"None"	"379.45"	"0"	"2.44"	"EUB0000460a"	"N#Cc1c(N)nc(SCC(N)=O)c(C#N)c1-c1ccc(OCC2CC2)cc1"	"%Inhib (Mean)"	"'='"	"-23.66"	"%"	""	""	"Antagonist %Inhib (Mean)"	"UO_0000187"	""	""	""	""	"0"	"CHEMBL5209827"	"GPCR beta-arrestin recruitment assay with target: FPR2 Assay Type: PRESTO-Tango Concentration: 0.000002"	"F"	"BAO_0000019"	"assay format"	"Homo sapiens"	"None"	"None"	"None"	"None"	""	""	""	"CHEMBL4227"	"Lipoxin A4 receptor"	"Homo sapiens"	"SINGLE PROTEIN"	"CHEMBL5209801"	"55"	"EUbOPEN Chemogenomic Library"	""	"2023"	"None"	"Reference agonist: TC-FPR43"	""
"CHEMBL4202825"	""	"None"	"379.45"	"0"	"2.44"	"EUB0000460a"	"N#Cc1c(N)nc(SCC(N)=O)c(C#N)c1-c1ccc(OCC2CC2)cc1"	"%Inhib (Mean)"	"'='"	"-19.81"	"%"	""	""	"Antagonist %Inhib (Mean)"	"UO_0000187"	""	""	""	""	"0"	"CHEMBL5209832"	"GPCR beta-arrestin recruitment assay with target: GPR119 Assay Type: PRESTO-Tango Concentration: 0.00001"	"F"	"BAO_0000019"	"assay format"	"Homo sapiens"	"None"	"None"	"None"	"None"	""	""	""	"CHEMBL5652"	"Glucose-dependent insulinotropic receptor"	"Homo sapiens"	"SINGLE PROTEIN"	"CHEMBL5209801"	"55"	"EUbOPEN Chemogenomic Library"	""	"2023"	"None"	"Reference agonist: GSK1292263"	""
"CHEMBL4202825"	""	"None"	"379.45"	"0"	"2.44"	"EUB0000460a"	"N#Cc1c(N)nc(SCC(N)=O)c(C#N)c1-c1ccc(OCC2CC2)cc1"	"Cell Viability"	"'='"	"1.0"	""	""	""	"Growth Rate"	""	""	""	""	""	"0"	"CHEMBL4725212"	"Incucyte cell viability with HEK293T"	"T"	"BAO_0000219"	"cell-based format"	"Homo sapiens"	"None"	"None"	"HEK-293T"	"None"	""	""	""	"CHEMBL3706568"	"HEK-293T"	"Homo sapiens"	"CELL-LINE"	"CHEMBL4689842"	"55"	"EUbOPEN Chemogenomic Library"	""	"2021"	"CHEMBL3706569"	"Compound concentration = 10.0 uM | Confluency (%) = 29.0 % | Growth Rate in DMSO (control) = 1.0 None | Replicate number = 1.0 None | Timepoint = 6.0 hours"	""
"CHEMBL4202825"	""	"None"	"379.45"	"0"	"2.44"	"EUB0000460a"	"N#Cc1c(N)nc(SCC(N)=O)c(C#N)c1-c1ccc(OCC2CC2)cc1"	"Cell Viability"	"'='"	"3.0"	""	""	""	"Growth Rate"	""	""	""	""	""	"0"	"CHEMBL4725213"	"Incucyte cell viability with human fibroblast"	"T"	"BAO_0000219"	"cell-based format"	"Homo sapiens"	"None"	"None"	"Fibroblast"	"None"	""	""	""	"CHEMBL613838"	"Fibroblasts"	""	"CELL-LINE"	"CHEMBL4689842"	"55"	"EUbOPEN Chemogenomic Library"	""	"2021"	"CHEMBL4295351"	"Compound concentration = 10.0 uM | Confluency (%) = 32.0 % | Growth Rate in DMSO (control) = 2.0 None | Replicate number = 1.0 None | Timepoint = 6.0 hours"	""
"CHEMBL4202825"	""	"None"	"379.45"	"0"	"2.44"	"EUB0000460a"	"N#Cc1c(N)nc(SCC(N)=O)c(C#N)c1-c1ccc(OCC2CC2)cc1"	"Cell Viability"	"'='"	"0.0"	""	""	""	"Growth Rate"	""	""	""	""	""	"0"	"CHEMBL4725212"	"Incucyte cell viability with HEK293T"	"T"	"BAO_0000219"	"cell-based format"	"Homo sapiens"	"None"	"None"	"HEK-293T"	"None"	""	""	""	"CHEMBL3706568"	"HEK-293T"	"Homo sapiens"	"CELL-LINE"	"CHEMBL4689842"	"55"	"EUbOPEN Chemogenomic Library"	""	"2021"	"CHEMBL3706569"	"Compound concentration = 10.0 uM | Confluency (%) = 18.0 % | Growth Rate in DMSO (control) = 1.0 None | Replicate number = 2.0 None | Timepoint = 12.0 hours"	""
"CHEMBL4202825"	""	"None"	"379.45"	"0"	"2.44"	"1; BAY60-6583"	"N#Cc1c(N)nc(SCC(N)=O)c(C#N)c1-c1ccc(OCC2CC2)cc1"	"Efficacy"	"'='"	"100.0"	"%"	""	""	""	"UO_0000187"	""	""	""	""	"0"	"CHEMBL4198444"	"Agonist activity at human adenosine A2B receptor expressed in CHO cell membranes assessed as induction of cAMP accumulation at 1 uM by AlphaScreen assay relative to NECA"	"F"	"BAO_0000219"	"cell-based format"	"Homo sapiens"	"None"	"None"	"CHO"	"None"	""	""	""	"CHEMBL255"	"Adenosine A2b receptor"	"Homo sapiens"	"SINGLE PROTEIN"	"CHEMBL4196073"	"1"	"Scientific Literature"	"Eur J Med Chem"	"2018"	"None"	""	""
"CHEMBL4202825"	""	"None"	"379.45"	"0"	"2.44"	"EUB0000460a"	"N#Cc1c(N)nc(SCC(N)=O)c(C#N)c1-c1ccc(OCC2CC2)cc1"	"%Inhib (Mean)"	"'='"	"-22.29"	"%"	""	""	"Antagonist %Inhib (Mean)"	"UO_0000187"	""	""	""	""	"0"	"CHEMBL5209815"	"GPCR beta-arrestin recruitment assay with target: APLNR Assay Type: PRESTO-Tango Concentration: 0.000002"	"F"	"BAO_0000019"	"assay format"	"Homo sapiens"	"None"	"None"	"None"	"None"	""	""	""	"CHEMBL1628481"	"Apelin receptor"	"Homo sapiens"	"SINGLE PROTEIN"	"CHEMBL5209801"	"55"	"EUbOPEN Chemogenomic Library"	""	"2023"	"None"	"Reference agonist: Apelin-13"	""
"CHEMBL4202825"	""	"None"	"379.45"	"0"	"2.44"	"EUB0000460a"	"N#Cc1c(N)nc(SCC(N)=O)c(C#N)c1-c1ccc(OCC2CC2)cc1"	"%Inhib (Mean)"	"'='"	"-70.26"	"%"	""	""	"Antagonist %Inhib (Mean)"	"UO_0000187"	""	""	""	""	"0"	"CHEMBL5209803"	"GPCR beta-arrestin recruitment assay with target: ADGRF1 Assay Type: PRESTO-Tango Concentration: 0.000002"	"F"	"BAO_0000019"	"assay format"	"Homo sapiens"	"None"	"None"	"None"	"None"	""	""	""	"CHEMBL4523872"	"Adhesion G-protein coupled receptor F1"	"Homo sapiens"	"SINGLE PROTEIN"	"CHEMBL5209801"	"55"	"EUbOPEN Chemogenomic Library"	""	"2023"	"None"	"Hit: PAM | Reference agonist: Loperamide"	"POSITIVE ALLOSTERIC MODULATOR"
"CHEMBL4202825"	""	"None"	"379.45"	"0"	"2.44"	"EUB0000460a"	"N#Cc1c(N)nc(SCC(N)=O)c(C#N)c1-c1ccc(OCC2CC2)cc1"	"%Inhib (Mean)"	"'='"	"1.51"	"%"	""	""	"Antagonist %Inhib (Mean)"	"UO_0000187"	""	""	""	""	"0"	"CHEMBL5209835"	"GPCR beta-arrestin recruitment assay with target: GPR35 Assay Type: PRESTO-Tango Concentration: 0.00001"	"F"	"BAO_0000019"	"assay format"	"Homo sapiens"	"None"	"None"	"None"	"None"	""	""	""	"CHEMBL1293267"	"G-protein coupled receptor 35"	"Homo sapiens"	"SINGLE PROTEIN"	"CHEMBL5209801"	"55"	"EUbOPEN Chemogenomic Library"	""	"2023"	"None"	"Reference agonist: TC-G 1001"	""
"CHEMBL4202825"	""	"None"	"379.45"	"0"	"2.44"	"EUB0000460a"	"N#Cc1c(N)nc(SCC(N)=O)c(C#N)c1-c1ccc(OCC2CC2)cc1"	"Delta TM"	"'='"	"-0.693"	"C"	""	""	"Thermal Shift Assay"	""	""	""	""	""	"0"	"CHEMBL5065651"	"Thermal Shift Assay. Domain: start/stop: M26-R383"	"B"	"BAO_0000357"	"single protein format"	"None"	"None"	"None"	"None"	"None"	"Protein Sequences: MKVSRDKDGSKVTTVVATPGQGPDRPQEVSYTDTKVIGNGSFGVVYQAKLCDSGELVAIKKVLQDKRFKNRELQIMRKLDHCNIVRLRYFFYSSGEKKDEVYLNLVLDYVPETVYRVARHYSRAKQTLPVIYVKLYMYQLFRSLAYIHSFGICHRDIKPQNLLLDPDTAVLKLCDFGSAKQLVRGEPNVSYICSRYYRAPELIFGATDYTSSIDVWSAGCVLAELLLGQPIFPGDSGVDQLVEIIKVLGTPTREQIREMNPNYTEFKFPQIKAHPWTKVFRPRTPPEAIALCSRLLEYTPTARLTPLEACAHSFFDELRDPNVKLPNGRDTPALFNFTTQELSSNPPLATILIPPHARAHHHHHH | Refseq Start/Stop: M26-R383"	""	""	"CHEMBL262"	"Glycogen synthase kinase-3 beta"	"Homo sapiens"	"SINGLE PROTEIN"	"CHEMBL4632348"	"55"	"EUbOPEN Chemogenomic Library"	""	""	"None"	"Compound concentration = 20.0 uM | Protein concentration = 2.0 uM"	""
"CHEMBL4202825"	""	"None"	"379.45"	"0"	"2.44"	"EUB0000460a"	"N#Cc1c(N)nc(SCC(N)=O)c(C#N)c1-c1ccc(OCC2CC2)cc1"	"%Inhib (Mean)"	"'='"	"6.62"	"%"	""	""	"Antagonist %Inhib (Mean)"	"UO_0000187"	""	""	""	""	"0"	"CHEMBL5209813"	"GPCR beta-arrestin recruitment assay with target: AGTR1 Assay Type: PRESTO-Tango Concentration: 0.0000004"	"F"	"BAO_0000019"	"assay format"	"Homo sapiens"	"None"	"None"	"None"	"None"	""	""	""	"CHEMBL227"	"Type-1 angiotensin II receptor"	"Homo sapiens"	"SINGLE PROTEIN"	"CHEMBL5209801"	"55"	"EUbOPEN Chemogenomic Library"	""	"2023"	"None"	"Reference agonist: Angiotensin II"	""
"CHEMBL4202825"	""	"None"	"379.45"	"0"	"2.44"	"EUB0000460a"	"N#Cc1c(N)nc(SCC(N)=O)c(C#N)c1-c1ccc(OCC2CC2)cc1"	"%Inhib (Mean)"	"'='"	"-65.21"	"%"	""	""	"Antagonist %Inhib (Mean)"	"UO_0000187"	""	""	""	""	"0"	"CHEMBL5209832"	"GPCR beta-arrestin recruitment assay with target: GPR119 Assay Type: PRESTO-Tango Concentration: 0.00001"	"F"	"BAO_0000019"	"assay format"	"Homo sapiens"	"None"	"None"	"None"	"None"	""	""	""	"CHEMBL5652"	"Glucose-dependent insulinotropic receptor"	"Homo sapiens"	"SINGLE PROTEIN"	"CHEMBL5209801"	"55"	"EUbOPEN Chemogenomic Library"	""	"2023"	"None"	"Hit: PAM | Reference agonist: GSK1292263"	"POSITIVE ALLOSTERIC MODULATOR"
"CHEMBL4202825"	""	"None"	"379.45"	"0"	"2.44"	"EUB0000460a"	"N#Cc1c(N)nc(SCC(N)=O)c(C#N)c1-c1ccc(OCC2CC2)cc1"	"%Inhib (Mean)"	"'='"	"-19.03"	"%"	""	""	"Antagonist %Inhib (Mean)"	"UO_0000187"	""	""	""	""	"0"	"CHEMBL5209814"	"GPCR beta-arrestin recruitment assay with target: APLNR Assay Type: PRESTO-Tango Concentration: 0.00001"	"F"	"BAO_0000019"	"assay format"	"Homo sapiens"	"None"	"None"	"None"	"None"	""	""	""	"CHEMBL1628481"	"Apelin receptor"	"Homo sapiens"	"SINGLE PROTEIN"	"CHEMBL5209801"	"55"	"EUbOPEN Chemogenomic Library"	""	"2023"	"None"	"Reference agonist: Apelin-13"	""
"CHEMBL4202825"	""	"None"	"379.45"	"0"	"2.44"	"EUB0000460a"	"N#Cc1c(N)nc(SCC(N)=O)c(C#N)c1-c1ccc(OCC2CC2)cc1"	"Cell Viability"	"'='"	"0.0"	""	""	""	"Growth Rate"	""	""	""	""	""	"0"	"CHEMBL4725214"	"Incucyte cell viability with U2OS"	"T"	"BAO_0000219"	"cell-based format"	"Homo sapiens"	"None"	"None"	"U2OS"	"None"	""	""	""	"CHEMBL615023"	"U2OS"	"Homo sapiens"	"CELL-LINE"	"CHEMBL4689842"	"55"	"EUbOPEN Chemogenomic Library"	""	"2021"	"CHEMBL3307757"	"Compound concentration = 10.0 uM | Confluency (%) = 79.0 % | Growth Rate in DMSO (control) = 0.0 None | Replicate number = 2.0 None | Timepoint = 24.0 hours"	""
"CHEMBL4202825"	""	"None"	"379.45"	"0"	"2.44"	"EUB0000460a"	"N#Cc1c(N)nc(SCC(N)=O)c(C#N)c1-c1ccc(OCC2CC2)cc1"	"Delta TM"	"'='"	"-1.532"	"C"	""	""	"Thermal Shift Assay"	""	""	""	""	""	"0"	"CHEMBL5061006"	"Thermal Shift Assay. Domain: start/stop: N44-E168"	"B"	"BAO_0000357"	"single protein format"	"None"	"None"	"None"	"None"	"None"	"Protein Sequences: MHHHHHHSSGVDLGTENLYFQSMNPPPPETSNPNKPKRQTNQLQYLLRVVLKTLWKHQFAWPFQQPVDAVKLNLPDYYKIIKTPMDMGTIKKRLENNYYWNAQECIQDFNTMFTNCYIYNKPGDDIVLMAEALEKLFLQKINELPTEE | Refseq Start/Stop: N44-E168"	""	""	"CHEMBL1163125"	"Bromodomain-containing protein 4"	"Homo sapiens"	"SINGLE PROTEIN"	"CHEMBL4632348"	"55"	"EUbOPEN Chemogenomic Library"	""	""	"None"	"Compound concentration = 20.0 uM | Protein concentration = 2.0 uM"	""
"CHEMBL4202825"	""	"None"	"379.45"	"0"	"2.44"	"EUB0000460a"	"N#Cc1c(N)nc(SCC(N)=O)c(C#N)c1-c1ccc(OCC2CC2)cc1"	"%Inhib (Mean)"	"'='"	"-5.5"	"%"	""	""	"Antagonist %Inhib (Mean)"	"UO_0000187"	""	""	""	""	"0"	"CHEMBL5209807"	"GPCR beta-arrestin recruitment assay with target: ADRA2A Assay Type: PRESTO-Tango Concentration: 0.0000004"	"F"	"BAO_0000019"	"assay format"	"Homo sapiens"	"None"	"None"	"None"	"None"	""	""	""	"CHEMBL1867"	"Alpha-2a adrenergic receptor"	"Homo sapiens"	"SINGLE PROTEIN"	"CHEMBL5209801"	"55"	"EUbOPEN Chemogenomic Library"	""	"2023"	"None"	"Reference agonist: Oxymetazoline"	""
"CHEMBL4202825"	""	"None"	"379.45"	"0"	"2.44"	"EUB0000460a"	"N#Cc1c(N)nc(SCC(N)=O)c(C#N)c1-c1ccc(OCC2CC2)cc1"	"%Inhib (Mean)"	"'='"	"-48.33"	"%"	""	""	"Antagonist %Inhib (Mean)"	"UO_0000187"	""	""	""	""	"0"	"CHEMBL5209829"	"GPCR beta-arrestin recruitment assay with target: GLP1R Assay Type: PRESTO-Tango Concentration: 0.00001"	"F"	"BAO_0000019"	"assay format"	"Homo sapiens"	"None"	"None"	"None"	"None"	""	""	""	"CHEMBL1784"	"Glucagon-like peptide 1 receptor"	"Homo sapiens"	"SINGLE PROTEIN"	"CHEMBL5209801"	"55"	"EUbOPEN Chemogenomic Library"	""	"2023"	"None"	"Reference agonist: Liraglutide"	""
"CHEMBL4202825"	""	"None"	"379.45"	"0"	"2.44"	"EUB0000460a"	"N#Cc1c(N)nc(SCC(N)=O)c(C#N)c1-c1ccc(OCC2CC2)cc1"	"%Inhib (Mean)"	"'='"	"-64.07"	"%"	""	""	"Antagonist %Inhib (Mean)"	"UO_0000187"	""	""	""	""	"0"	"CHEMBL5209829"	"GPCR beta-arrestin recruitment assay with target: GLP1R Assay Type: PRESTO-Tango Concentration: 0.00001"	"F"	"BAO_0000019"	"assay format"	"Homo sapiens"	"None"	"None"	"None"	"None"	""	""	""	"CHEMBL1784"	"Glucagon-like peptide 1 receptor"	"Homo sapiens"	"SINGLE PROTEIN"	"CHEMBL5209801"	"55"	"EUbOPEN Chemogenomic Library"	""	"2023"	"None"	"Hit: PAM | Reference agonist: Liraglutide"	"POSITIVE ALLOSTERIC MODULATOR"
"CHEMBL4202825"	""	"None"	"379.45"	"0"	"2.44"	"EUB0000460a"	"N#Cc1c(N)nc(SCC(N)=O)c(C#N)c1-c1ccc(OCC2CC2)cc1"	"Delta TM"	"'='"	"-0.3262"	"C"	""	""	"Thermal Shift Assay"	""	""	""	""	""	"0"	"CHEMBL5063793"	"Thermal Shift Assay. Domain: start/stop: M1-K294"	"B"	"BAO_0000357"	"single protein format"	"None"	"None"	"None"	"None"	"None"	"Protein Sequences: MHHHHHHSSGVDLGTENLYFQSMMELRVGNRYRLGRKIGSGSFGDIYLGTDIAAGEEVAIKLECVKTKHPQLHIESKIYKMMQGGVGIPTIRWCGAEGDYNVMVMELLGPSLEDLFNFCSRKFSLKTVLLLADQMISRIEYIHSKNFIHRDVKPDNFLMGLGKKGNLVYIIDFGLAKKYRDARTHQHIPYRENKNLTGTARYASINTHLGIEQSRRDDLESLGYVLMYFNLGSLPWQGLKAATKRQKYERISEKKMSTPIEVLCKGYPSEFATYLNFCRSLRFDDKPDYSYLRQLFRNLFHRQGFSYDYVFDWNMLK | Refseq Start/Stop: M1-K294"	""	""	"CHEMBL2828"	"Casein kinase I delta"	"Homo sapiens"	"SINGLE PROTEIN"	"CHEMBL4632348"	"55"	"EUbOPEN Chemogenomic Library"	""	""	"None"	"Compound concentration = 20.0 uM | Protein concentration = 2.0 uM"	""
"CHEMBL4202825"	""	"None"	"379.45"	"0"	"2.44"	"EUB0000460a"	"N#Cc1c(N)nc(SCC(N)=O)c(C#N)c1-c1ccc(OCC2CC2)cc1"	"%Inhib (Mean)"	"'='"	"-32.8"	"%"	""	""	"Antagonist %Inhib (Mean)"	"UO_0000187"	""	""	""	""	"0"	"CHEMBL5209802"	"GPCR beta-arrestin recruitment assay with target: ADGRF1 Assay Type: PRESTO-Tango Concentration: 0.00001"	"F"	"BAO_0000019"	"assay format"	"Homo sapiens"	"None"	"None"	"None"	"None"	""	""	""	"CHEMBL4523872"	"Adhesion G-protein coupled receptor F1"	"Homo sapiens"	"SINGLE PROTEIN"	"CHEMBL5209801"	"55"	"EUbOPEN Chemogenomic Library"	""	"2023"	"None"	"Reference agonist: Loperamide"	""
"CHEMBL4202825"	""	"None"	"379.45"	"0"	"2.44"	"EUB0000460a"	"N#Cc1c(N)nc(SCC(N)=O)c(C#N)c1-c1ccc(OCC2CC2)cc1"	"%Inhib (Mean)"	"'='"	"-30.06"	"%"	""	""	"Antagonist %Inhib (Mean)"	"UO_0000187"	""	""	""	""	"0"	"CHEMBL5209836"	"GPCR beta-arrestin recruitment assay with target: S1PR1 Assay Type: PRESTO-Tango Concentration: 0.00001"	"F"	"BAO_0000019"	"assay format"	"Homo sapiens"	"None"	"None"	"None"	"None"	""	""	""	"CHEMBL4333"	"Sphingosine 1-phosphate receptor Edg-1"	"Homo sapiens"	"SINGLE PROTEIN"	"CHEMBL5209801"	"55"	"EUbOPEN Chemogenomic Library"	""	"2023"	"None"	"Reference agonist: RP 001"	""
"CHEMBL4202825"	""	"None"	"379.45"	"0"	"2.44"	"EUB0000460a"	"N#Cc1c(N)nc(SCC(N)=O)c(C#N)c1-c1ccc(OCC2CC2)cc1"	"%Max (Mean)"	"'='"	"-3.33"	"%"	""	""	"Agonist %Max (Mean)"	"UO_0000187"	""	""	""	""	"0"	"CHEMBL5209826"	"GPCR beta-arrestin recruitment assay with target: FPR2 Assay Type: PRESTO-Tango Concentration: 0.00001"	"F"	"BAO_0000019"	"assay format"	"Homo sapiens"	"None"	"None"	"None"	"None"	""	""	""	"CHEMBL4227"	"Lipoxin A4 receptor"	"Homo sapiens"	"SINGLE PROTEIN"	"CHEMBL5209801"	"55"	"EUbOPEN Chemogenomic Library"	""	"2023"	"None"	"Reference agonist: TC-FPR43"	""
"CHEMBL4202825"	""	"None"	"379.45"	"0"	"2.44"	"EUB0000460a"	"N#Cc1c(N)nc(SCC(N)=O)c(C#N)c1-c1ccc(OCC2CC2)cc1"	"%Inhib (Mean)"	"'='"	"-23.9"	"%"	""	""	"Antagonist %Inhib (Mean)"	"UO_0000187"	""	""	""	""	"0"	"CHEMBL5209808"	"GPCR beta-arrestin recruitment assay with target: ADRB2 Assay Type: PRESTO-Tango Concentration: 0.00001"	"F"	"BAO_0000019"	"assay format"	"Homo sapiens"	"None"	"None"	"None"	"None"	""	""	""	"CHEMBL210"	"Beta-2 adrenergic receptor"	"Homo sapiens"	"SINGLE PROTEIN"	"CHEMBL5209801"	"55"	"EUbOPEN Chemogenomic Library"	""	"2023"	"None"	"Hit: PAM | Reference agonist: Zinterol"	"POSITIVE ALLOSTERIC MODULATOR"
"CHEMBL4202825"	""	"None"	"379.45"	"0"	"2.44"	"EUB0000460a"	"N#Cc1c(N)nc(SCC(N)=O)c(C#N)c1-c1ccc(OCC2CC2)cc1"	"%Inhib (Mean)"	"'='"	"-54.38"	"%"	""	""	"Antagonist %Inhib (Mean)"	"UO_0000187"	""	""	""	""	"0"	"CHEMBL5209810"	"GPCR beta-arrestin recruitment assay with target: ADRB2 Assay Type: PRESTO-Tango Concentration: 0.0000004"	"F"	"BAO_0000019"	"assay format"	"Homo sapiens"	"None"	"None"	"None"	"None"	""	""	""	"CHEMBL210"	"Beta-2 adrenergic receptor"	"Homo sapiens"	"SINGLE PROTEIN"	"CHEMBL5209801"	"55"	"EUbOPEN Chemogenomic Library"	""	"2023"	"None"	"Hit: PAM | Reference agonist: Zinterol"	"POSITIVE ALLOSTERIC MODULATOR"
"CHEMBL4202825"	""	"None"	"379.45"	"0"	"2.44"	"EUB0000460a"	"N#Cc1c(N)nc(SCC(N)=O)c(C#N)c1-c1ccc(OCC2CC2)cc1"	"%Max (Mean)"	"'='"	"-2.147"	"%"	""	""	"Agonist %Max (Mean)"	"UO_0000187"	""	""	""	""	"0"	"CHEMBL5209832"	"GPCR beta-arrestin recruitment assay with target: GPR119 Assay Type: PRESTO-Tango Concentration: 0.00001"	"F"	"BAO_0000019"	"assay format"	"Homo sapiens"	"None"	"None"	"None"	"None"	""	""	""	"CHEMBL5652"	"Glucose-dependent insulinotropic receptor"	"Homo sapiens"	"SINGLE PROTEIN"	"CHEMBL5209801"	"55"	"EUbOPEN Chemogenomic Library"	""	"2023"	"None"	"Reference agonist: GSK1292263"	""
"CHEMBL4202825"	""	"None"	"379.45"	"0"	"2.44"	"EUB0000460a"	"N#Cc1c(N)nc(SCC(N)=O)c(C#N)c1-c1ccc(OCC2CC2)cc1"	"%Inhib (Mean)"	"'='"	"-20.03"	"%"	""	""	"Antagonist %Inhib (Mean)"	"UO_0000187"	""	""	""	""	"0"	"CHEMBL5209811"	"GPCR beta-arrestin recruitment assay with target: AGTR1 Assay Type: PRESTO-Tango Concentration: 0.00001"	"F"	"BAO_0000019"	"assay format"	"Homo sapiens"	"None"	"None"	"None"	"None"	""	""	""	"CHEMBL227"	"Type-1 angiotensin II receptor"	"Homo sapiens"	"SINGLE PROTEIN"	"CHEMBL5209801"	"55"	"EUbOPEN Chemogenomic Library"	""	"2023"	"None"	"Reference agonist: Angiotensin II"	""
"CHEMBL4202825"	""	"None"	"379.45"	"0"	"2.44"	"EUB0000460a"	"N#Cc1c(N)nc(SCC(N)=O)c(C#N)c1-c1ccc(OCC2CC2)cc1"	"%Max (Mean)"	"'='"	"-1.123"	"%"	""	""	"Agonist %Max (Mean)"	"UO_0000187"	""	""	""	""	"0"	"CHEMBL5209820"	"GPCR beta-arrestin recruitment assay with target: CX3CR1 Assay Type: PRESTO-Tango Concentration: 0.00001"	"F"	"BAO_0000019"	"assay format"	"Homo sapiens"	"None"	"None"	"None"	"None"	""	""	""	"CHEMBL4843"	"C-X3-C chemokine receptor 1"	"Homo sapiens"	"SINGLE PROTEIN"	"CHEMBL5209801"	"55"	"EUbOPEN Chemogenomic Library"	""	"2023"	"None"	"Reference agonist: CX3CL1"	""
"CHEMBL4202825"	""	"None"	"379.45"	"0"	"2.44"	"EUB0000460a"	"N#Cc1c(N)nc(SCC(N)=O)c(C#N)c1-c1ccc(OCC2CC2)cc1"	"%Inhib (Mean)"	"'='"	"7.84"	"%"	""	""	"Antagonist %Inhib (Mean)"	"UO_0000187"	""	""	""	""	"0"	"CHEMBL5209817"	"GPCR beta-arrestin recruitment assay with target: C5AR1 Assay Type: PRESTO-Tango Concentration: 0.00001"	"F"	"BAO_0000019"	"assay format"	"Homo sapiens"	"None"	"None"	"None"	"None"	""	""	""	"CHEMBL2373"	"C5a anaphylatoxin chemotactic receptor"	"Homo sapiens"	"SINGLE PROTEIN"	"CHEMBL5209801"	"55"	"EUbOPEN Chemogenomic Library"	""	"2023"	"None"	"Reference agonist: C5a anaphylatoxin"	""
"CHEMBL4202825"	""	"None"	"379.45"	"0"	"2.44"	"EUB0000460a"	"N#Cc1c(N)nc(SCC(N)=O)c(C#N)c1-c1ccc(OCC2CC2)cc1"	"%Max (Mean)"	"'='"	"7.6"	"%"	""	""	"Agonist %Max (Mean)"	"UO_0000187"	""	""	""	""	"0"	"CHEMBL5209805"	"GPCR beta-arrestin recruitment assay with target: ADRA2A Assay Type: PRESTO-Tango Concentration: 0.00001"	"F"	"BAO_0000019"	"assay format"	"Homo sapiens"	"None"	"None"	"None"	"None"	""	""	""	"CHEMBL1867"	"Alpha-2a adrenergic receptor"	"Homo sapiens"	"SINGLE PROTEIN"	"CHEMBL5209801"	"55"	"EUbOPEN Chemogenomic Library"	""	"2023"	"None"	"Reference agonist: Oxymetazoline"	""
"CHEMBL4202825"	""	"None"	"379.45"	"0"	"2.44"	"EUB0000460a"	"N#Cc1c(N)nc(SCC(N)=O)c(C#N)c1-c1ccc(OCC2CC2)cc1"	"%Max (Mean)"	"'='"	"-0.34"	"%"	""	""	"Agonist %Max (Mean)"	"UO_0000187"	""	""	""	""	"0"	"CHEMBL5209829"	"GPCR beta-arrestin recruitment assay with target: GLP1R Assay Type: PRESTO-Tango Concentration: 0.00001"	"F"	"BAO_0000019"	"assay format"	"Homo sapiens"	"None"	"None"	"None"	"None"	""	""	""	"CHEMBL1784"	"Glucagon-like peptide 1 receptor"	"Homo sapiens"	"SINGLE PROTEIN"	"CHEMBL5209801"	"55"	"EUbOPEN Chemogenomic Library"	""	"2023"	"None"	"Reference agonist: Liraglutide"	""
"CHEMBL4202825"	""	"None"	"379.45"	"0"	"2.44"	"EUB0000460a"	"N#Cc1c(N)nc(SCC(N)=O)c(C#N)c1-c1ccc(OCC2CC2)cc1"	"%Inhib (Mean)"	"'='"	"-35.49"	"%"	""	""	"Antagonist %Inhib (Mean)"	"UO_0000187"	""	""	""	""	"0"	"CHEMBL5209838"	"GPCR beta-arrestin recruitment assay with target: S1PR1 Assay Type: PRESTO-Tango Concentration: 0.0000004"	"F"	"BAO_0000019"	"assay format"	"Homo sapiens"	"None"	"None"	"None"	"None"	""	""	""	"CHEMBL4333"	"Sphingosine 1-phosphate receptor Edg-1"	"Homo sapiens"	"SINGLE PROTEIN"	"CHEMBL5209801"	"55"	"EUbOPEN Chemogenomic Library"	""	"2023"	"None"	"Reference agonist: RP 001"	""
"CHEMBL4202825"	""	"None"	"379.45"	"0"	"2.44"	"EUB0000460a"	"N#Cc1c(N)nc(SCC(N)=O)c(C#N)c1-c1ccc(OCC2CC2)cc1"	"Delta TM"	"'='"	"0.4394"	"C"	""	""	"Thermal Shift Assay"	""	""	""	""	""	"0"	"CHEMBL5064722"	"Thermal Shift Assay. Domain: start/stop: P449-E759"	"B"	"BAO_0000357"	"single protein format"	"None"	"None"	"None"	"None"	"None"	"Protein Sequences: MHHHHHHSSGVDLGTENLYFQSMPTLANVSELELPADPKWELSRARLTLGKPLGEGCFGQVVMAEAIGIDKDRAAKPVTVAVKMLKDDATDKDLSDLVSEMEMMKMIGKHKNIINLLGACTQGGPLYVLVEYAAKGNLREFLRARRPPGLDYSFDTSKPPEEQLTFKDLVSCAYQVARGMEYLASQKCIHRDLAARNVLVTEDNVMKIADFGLARDVHNLDYYKETTNGRLPVKWMAPEALFDRVYTHQSDVWSFGVLLWEIFTLGGSPYPGIPVEELFKLLKEGHRMDKPANCTHDLYMIMREXWHAAPSQRPTFKQLVEDLDRVLTVTSTDE | Refseq Start/Stop: P449-E759"	""	""	"CHEMBL2742"	"Fibroblast growth factor receptor 3"	"Homo sapiens"	"SINGLE PROTEIN"	"CHEMBL4632348"	"55"	"EUbOPEN Chemogenomic Library"	""	""	"None"	"Compound concentration = 20.0 uM | Protein concentration = 2.0 uM"	""
"CHEMBL4202825"	""	"None"	"379.45"	"0"	"2.44"	"EUB0000460a"	"N#Cc1c(N)nc(SCC(N)=O)c(C#N)c1-c1ccc(OCC2CC2)cc1"	"%Inhib (Mean)"	"'='"	"-14.22"	"%"	""	""	"Antagonist %Inhib (Mean)"	"UO_0000187"	""	""	""	""	"0"	"CHEMBL5209820"	"GPCR beta-arrestin recruitment assay with target: CX3CR1 Assay Type: PRESTO-Tango Concentration: 0.00001"	"F"	"BAO_0000019"	"assay format"	"Homo sapiens"	"None"	"None"	"None"	"None"	""	""	""	"CHEMBL4843"	"C-X3-C chemokine receptor 1"	"Homo sapiens"	"SINGLE PROTEIN"	"CHEMBL5209801"	"55"	"EUbOPEN Chemogenomic Library"	""	"2023"	"None"	"Reference agonist: CX3CL1"	""
"CHEMBL4202825"	""	"None"	"379.45"	"0"	"2.44"	"EUB0000460a"	"N#Cc1c(N)nc(SCC(N)=O)c(C#N)c1-c1ccc(OCC2CC2)cc1"	"%Inhib (Mean)"	"'='"	"-1.35"	"%"	""	""	"Antagonist %Inhib (Mean)"	"UO_0000187"	""	""	""	""	"0"	"CHEMBL5209806"	"GPCR beta-arrestin recruitment assay with target: ADRA2A Assay Type: PRESTO-Tango Concentration: 0.000002"	"F"	"BAO_0000019"	"assay format"	"Homo sapiens"	"None"	"None"	"None"	"None"	""	""	""	"CHEMBL1867"	"Alpha-2a adrenergic receptor"	"Homo sapiens"	"SINGLE PROTEIN"	"CHEMBL5209801"	"55"	"EUbOPEN Chemogenomic Library"	""	"2023"	"None"	"Reference agonist: Oxymetazoline"	""
"CHEMBL4202825"	""	"None"	"379.45"	"0"	"2.44"	"EUB0000460a"	"N#Cc1c(N)nc(SCC(N)=O)c(C#N)c1-c1ccc(OCC2CC2)cc1"	"%Inhib (Mean)"	"'='"	"-59.62"	"%"	""	""	"Antagonist %Inhib (Mean)"	"UO_0000187"	""	""	""	""	"0"	"CHEMBL5209821"	"GPCR beta-arrestin recruitment assay with target: CX3CR1 Assay Type: PRESTO-Tango Concentration: 0.000002"	"F"	"BAO_0000019"	"assay format"	"Homo sapiens"	"None"	"None"	"None"	"None"	""	""	""	"CHEMBL4843"	"C-X3-C chemokine receptor 1"	"Homo sapiens"	"SINGLE PROTEIN"	"CHEMBL5209801"	"55"	"EUbOPEN Chemogenomic Library"	""	"2023"	"None"	"Hit: PAM | Reference agonist: hCX3CL1"	"POSITIVE ALLOSTERIC MODULATOR"
"CHEMBL4202825"	""	"None"	"379.45"	"0"	"2.44"	"EUB0000460a"	"N#Cc1c(N)nc(SCC(N)=O)c(C#N)c1-c1ccc(OCC2CC2)cc1"	"%Inhib (Mean)"	"'='"	"-26.28"	"%"	""	""	"Antagonist %Inhib (Mean)"	"UO_0000187"	""	""	""	""	"0"	"CHEMBL5209826"	"GPCR beta-arrestin recruitment assay with target: FPR2 Assay Type: PRESTO-Tango Concentration: 0.00001"	"F"	"BAO_0000019"	"assay format"	"Homo sapiens"	"None"	"None"	"None"	"None"	""	""	""	"CHEMBL4227"	"Lipoxin A4 receptor"	"Homo sapiens"	"SINGLE PROTEIN"	"CHEMBL5209801"	"55"	"EUbOPEN Chemogenomic Library"	""	"2023"	"None"	"Reference agonist: TC-FPR43"	""
"CHEMBL4202825"	""	"None"	"379.45"	"0"	"2.44"	"EUB0000460a"	"N#Cc1c(N)nc(SCC(N)=O)c(C#N)c1-c1ccc(OCC2CC2)cc1"	"%Inhib (Mean)"	"'='"	"-4.0"	"%"	""	""	"Antagonist %Inhib (Mean)"	"UO_0000187"	""	""	""	""	"0"	"CHEMBL5209836"	"GPCR beta-arrestin recruitment assay with target: S1PR1 Assay Type: PRESTO-Tango Concentration: 0.00001"	"F"	"BAO_0000019"	"assay format"	"Homo sapiens"	"None"	"None"	"None"	"None"	""	""	""	"CHEMBL4333"	"Sphingosine 1-phosphate receptor Edg-1"	"Homo sapiens"	"SINGLE PROTEIN"	"CHEMBL5209801"	"55"	"EUbOPEN Chemogenomic Library"	""	"2023"	"None"	"Reference agonist: RP 001"	""
"CHEMBL4202825"	""	"None"	"379.45"	"0"	"2.44"	"EUB0000460a"	"N#Cc1c(N)nc(SCC(N)=O)c(C#N)c1-c1ccc(OCC2CC2)cc1"	"%Inhib (Mean)"	"'='"	"-9.99"	"%"	""	""	"Antagonist %Inhib (Mean)"	"UO_0000187"	""	""	""	""	"0"	"CHEMBL5209814"	"GPCR beta-arrestin recruitment assay with target: APLNR Assay Type: PRESTO-Tango Concentration: 0.00001"	"F"	"BAO_0000019"	"assay format"	"Homo sapiens"	"None"	"None"	"None"	"None"	""	""	""	"CHEMBL1628481"	"Apelin receptor"	"Homo sapiens"	"SINGLE PROTEIN"	"CHEMBL5209801"	"55"	"EUbOPEN Chemogenomic Library"	""	"2023"	"None"	"Reference agonist: Apelin-13"	""
"CHEMBL4202825"	""	"None"	"379.45"	"0"	"2.44"	"EUB0000460a"	"N#Cc1c(N)nc(SCC(N)=O)c(C#N)c1-c1ccc(OCC2CC2)cc1"	"%Inhib (Mean)"	"'='"	"-26.42"	"%"	""	""	"Antagonist %Inhib (Mean)"	"UO_0000187"	""	""	""	""	"0"	"CHEMBL5209826"	"GPCR beta-arrestin recruitment assay with target: FPR2 Assay Type: PRESTO-Tango Concentration: 0.00001"	"F"	"BAO_0000019"	"assay format"	"Homo sapiens"	"None"	"None"	"None"	"None"	""	""	""	"CHEMBL4227"	"Lipoxin A4 receptor"	"Homo sapiens"	"SINGLE PROTEIN"	"CHEMBL5209801"	"55"	"EUbOPEN Chemogenomic Library"	""	"2023"	"None"	"Reference agonist: TC-FPR43"	""
"CHEMBL4202825"	""	"None"	"379.45"	"0"	"2.44"	"EUB0000460a"	"N#Cc1c(N)nc(SCC(N)=O)c(C#N)c1-c1ccc(OCC2CC2)cc1"	"%Inhib (Mean)"	"'='"	"-240.71"	"%"	""	""	"Antagonist %Inhib (Mean)"	"UO_0000187"	""	""	""	""	"0"	"CHEMBL5209823"	"GPCR beta-arrestin recruitment assay with target: FFAR4 Assay Type: PRESTO-Tango Concentration: 0.00001"	"F"	"BAO_0000019"	"assay format"	"Homo sapiens"	"None"	"None"	"None"	"None"	""	""	""	"CHEMBL5339"	"G-protein coupled receptor 120"	"Homo sapiens"	"SINGLE PROTEIN"	"CHEMBL5209801"	"55"	"EUbOPEN Chemogenomic Library"	""	"2023"	"None"	"Comments: Confirmed PAM hit | Hit: PAM | Reference agonist: GPR120 Compound A"	"POSITIVE ALLOSTERIC MODULATOR"
"CHEMBL4202825"	""	"None"	"379.45"	"0"	"2.44"	"EUB0000460a"	"N#Cc1c(N)nc(SCC(N)=O)c(C#N)c1-c1ccc(OCC2CC2)cc1"	"Delta TM"	"'='"	"0.2966"	"C"	""	""	"Thermal Shift Assay"	""	""	""	""	""	"0"	"CHEMBL5067509"	"Thermal Shift Assay. Domain: start/stop: E122-S403"	"B"	"BAO_0000357"	"single protein format"	"None"	"None"	"None"	"None"	"None"	"Protein Sequences: MKHHHHHHPMSDYDIPTTENLYFQGAMESKKRQWALEDFEIGRPLGKGKFGNVYLAREKQSKFILALKVLFKAQLEKAGVEHQLRREVEIQSHLRHPNILRLYGYFHDATRVYLILEYAPLGTVYRELQKLSKFDEQRTATYITELANALSYCHSKRVIHRDIKPENLLLGSAGELKIADFGWSVHAPSSRRTTLCGTLDYLPPEMIEGRMHDEKVDLWSLGVLCYEFLVGKPPFEANTYQETYKRISRVEFTFPDFVTEGARDLISRLLKHNPSQRPMLREVLEHPWITANSSKPSNCQNKESASKQS | Refseq Start/Stop: E122-S403"	""	""	"CHEMBL4722"	"Serine/threonine-protein kinase Aurora-A"	"Homo sapiens"	"SINGLE PROTEIN"	"CHEMBL4632348"	"55"	"EUbOPEN Chemogenomic Library"	""	""	"None"	"Compound concentration = 20.0 uM | Protein concentration = 2.0 uM"	""
"CHEMBL4202825"	""	"None"	"379.45"	"0"	"2.44"	"EUB0000460a"	"N#Cc1c(N)nc(SCC(N)=O)c(C#N)c1-c1ccc(OCC2CC2)cc1"	"Delta TM"	"'='"	"-1.39"	"C"	""	""	"Thermal Shift Assay"	""	""	""	""	""	"0"	"CHEMBL5061935"	"Thermal Shift Assay. Domain: start/stop: M626-G746"	"B"	"BAO_0000357"	"single protein format"	"None"	"None"	"None"	"None"	"None"	"Protein Sequences: MHHHHHHSSGVDLGTENLYFQSMEMQLTPFLILLRKTLEQLQEKDTGNIFSEPVPLSEVTELDEVPDYLDHIKKPMDFFTMKQNLEAYRYLNFDDFEEDFNLIVSNCLKYNAKDTIFYRAAVRLREQGGAVLRQARRQAEKMG | Refseq Start/Stop: M626-G746"	""	""	"CHEMBL3132741"	"Peregrin"	"Homo sapiens"	"SINGLE PROTEIN"	"CHEMBL4632348"	"55"	"EUbOPEN Chemogenomic Library"	""	""	"None"	"Compound concentration = 20.0 uM | Protein concentration = 2.0 uM"	""
"CHEMBL4202825"	""	"None"	"379.45"	"0"	"2.44"	"EUB0000460a"	"N#Cc1c(N)nc(SCC(N)=O)c(C#N)c1-c1ccc(OCC2CC2)cc1"	"%Max (Mean)"	"'='"	"6.018"	"%"	""	""	"Agonist %Max (Mean)"	"UO_0000187"	""	""	""	""	"0"	"CHEMBL5209836"	"GPCR beta-arrestin recruitment assay with target: S1PR1 Assay Type: PRESTO-Tango Concentration: 0.00001"	"F"	"BAO_0000019"	"assay format"	"Homo sapiens"	"None"	"None"	"None"	"None"	""	""	""	"CHEMBL4333"	"Sphingosine 1-phosphate receptor Edg-1"	"Homo sapiens"	"SINGLE PROTEIN"	"CHEMBL5209801"	"55"	"EUbOPEN Chemogenomic Library"	""	"2023"	"None"	"Reference agonist: RP 001"	""
"CHEMBL4202825"	""	"None"	"379.45"	"0"	"2.44"	"EUB0000460a"	"N#Cc1c(N)nc(SCC(N)=O)c(C#N)c1-c1ccc(OCC2CC2)cc1"	"Delta TM"	"'='"	"-0.1491"	"C"	""	""	"Thermal Shift Assay"	""	""	""	""	""	"0"	"CHEMBL5062864"	"Thermal Shift Assay. Domain: start/stop: M1-L298"	"B"	"BAO_0000357"	"single protein format"	"None"	"None"	"None"	"None"	"None"	"Protein Sequences: MHHHHHHSSGVDLGTENLYFQSMENFQKVEKIGEGTYGVVYKARNKLTGEVVALKKIRLDTETEGVPSTAIREISLLKELNHPNIVKLLDVIHTENKLYLVFEFLHQDLKKFMDASALTGIPLPLIKSYLFQLLQGLAFCHSHRVLHRDLKPQNLLINTEGAIKLADFGLARAFGVPVRTYTHEVVTLWYRAPEILLGCKYYSTAVDIWSLGCIFAEMVTRRALFPGDSEIDQLFRIFRTLGTPDEVVWPGVTSMPDYKPSFPKWARQDFSKVVPPLDEDGRSLLSQMLHYDPNKRISAKAALAHPFFQDVTKPVPHLRL | Refseq Start/Stop: M1-L298"	""	""	"CHEMBL301"	"Cyclin-dependent kinase 2"	"Homo sapiens"	"SINGLE PROTEIN"	"CHEMBL4632348"	"55"	"EUbOPEN Chemogenomic Library"	""	""	"None"	"Compound concentration = 20.0 uM | Protein concentration = 2.0 uM"	""
"CHEMBL4202825"	""	"None"	"379.45"	"0"	"2.44"	"EUB0000460a"	"N#Cc1c(N)nc(SCC(N)=O)c(C#N)c1-c1ccc(OCC2CC2)cc1"	"Delta TM"	"'='"	"0.3411"	"C"	""	""	"Thermal Shift Assay"	""	""	""	""	""	"0"	"CHEMBL5068438"	"Thermal Shift Assay. Domain: start/stop: G861-E979"	"B"	"BAO_0000357"	"single protein format"	"None"	"None"	"None"	"None"	"None"	"Protein Sequences: MHHHHHHHHHHSSGVDLGTENLYFQSMGLVKLTPIDKRKCERLLLFLYCHEMSLAFQDPVPLTVPDYYKIIKNPMDLSTIKKRLQEDYSMYSKPEDFVADFRLIFQNCAEFNEPDSEVANAGIKLENYFEELLKNLYPEKRFPKPE | Refseq Start/Stop: G861-E979"	""	""	"CHEMBL3108638"	"Transcription intermediary factor 1-alpha"	"Homo sapiens"	"SINGLE PROTEIN"	"CHEMBL4632348"	"55"	"EUbOPEN Chemogenomic Library"	""	""	"None"	"Compound concentration = 20.0 uM | Protein concentration = 2.0 uM"	""
"CHEMBL4202825"	""	"None"	"379.45"	"0"	"2.44"	"EUB0000460a"	"N#Cc1c(N)nc(SCC(N)=O)c(C#N)c1-c1ccc(OCC2CC2)cc1"	"Delta TM"	"'='"	"-0.0068"	"C"	""	""	"Thermal Shift Assay"	""	""	""	""	""	"0"	"CHEMBL5066580"	"Thermal Shift Assay. Domain: start/stop: M1-S360"	"B"	"BAO_0000357"	"single protein format"	"None"	"None"	"None"	"None"	"None"	"Protein Sequences: MHHHHHHSSGVDLGTENLYFQSMAAAAAAGAGPEMVRGQVFDVGPRYTNLSYIGEGAYGMVCSAYDNVNKVRVAIKKISPFEHQTYCQRTLREIKILLRFRHENIIGINDIIRAPTIEQMKDVYIVQDLMETDLYKLLKTQHLSNDHICYFLYQILRGLKYIHSANVLHRDLKPSNLLLNTTCDLKICDFGLARVADPDHDHTGFLTEYVATRWYRAPEIMLNSKGYTKSIDIWSVGCILAEMLSNRPIFPGKHYLDQLNHILGILGSPSQEDLNCIINLKARNYLLSLPHKNKVPWNRLFPNADSKALDLLDKMLTFNPHKRIEVEQALAHPYLEQYYDPSDEPIAEAPFKFDMELDDLPKEKLKELIFEETARFQPGYRS | Refseq Start/Stop: M1-S360"	""	""	"CHEMBL4040"	"MAP kinase ERK2"	"Homo sapiens"	"SINGLE PROTEIN"	"CHEMBL4632348"	"55"	"EUbOPEN Chemogenomic Library"	""	""	"None"	"Compound concentration = 20.0 uM | Protein concentration = 2.0 uM"	""
"CHEMBL4202825"	""	"None"	"379.45"	"0"	"2.44"	"EUB0000460a"	"N#Cc1c(N)nc(SCC(N)=O)c(C#N)c1-c1ccc(OCC2CC2)cc1"	"%Inhib (Mean)"	"'='"	"-52.73"	"%"	""	""	"Antagonist %Inhib (Mean)"	"UO_0000187"	""	""	""	""	"0"	"CHEMBL5209820"	"GPCR beta-arrestin recruitment assay with target: CX3CR1 Assay Type: PRESTO-Tango Concentration: 0.00001"	"F"	"BAO_0000019"	"assay format"	"Homo sapiens"	"None"	"None"	"None"	"None"	""	""	""	"CHEMBL4843"	"C-X3-C chemokine receptor 1"	"Homo sapiens"	"SINGLE PROTEIN"	"CHEMBL5209801"	"55"	"EUbOPEN Chemogenomic Library"	""	"2023"	"None"	"Hit: PAM | Reference agonist: hCX3CL1"	"POSITIVE ALLOSTERIC MODULATOR"
"CHEMBL4202825"	""	"None"	"379.45"	"0"	"2.44"	"EUB0000460a"	"N#Cc1c(N)nc(SCC(N)=O)c(C#N)c1-c1ccc(OCC2CC2)cc1"	"%Inhib (Mean)"	"'='"	"-124.56"	"%"	""	""	"Antagonist %Inhib (Mean)"	"UO_0000187"	""	""	""	""	"0"	"CHEMBL5209824"	"GPCR beta-arrestin recruitment assay with target: FFAR4 Assay Type: PRESTO-Tango Concentration: 0.000002"	"F"	"BAO_0000019"	"assay format"	"Homo sapiens"	"None"	"None"	"None"	"None"	""	""	""	"CHEMBL5339"	"G-protein coupled receptor 120"	"Homo sapiens"	"SINGLE PROTEIN"	"CHEMBL5209801"	"55"	"EUbOPEN Chemogenomic Library"	""	"2023"	"None"	"Comments: Confirmed PAM hit | Hit: PAM | Reference agonist: GPR120 Compound A"	"POSITIVE ALLOSTERIC MODULATOR"
"CHEMBL4202825"	""	"None"	"379.45"	"0"	"2.44"	"EUB0000460a"	"N#Cc1c(N)nc(SCC(N)=O)c(C#N)c1-c1ccc(OCC2CC2)cc1"	"%Inhib (Mean)"	"'='"	"7.03"	"%"	""	""	"Antagonist %Inhib (Mean)"	"UO_0000187"	""	""	""	""	"0"	"CHEMBL5209818"	"GPCR beta-arrestin recruitment assay with target: C5AR1 Assay Type: PRESTO-Tango Concentration: 0.000002"	"F"	"BAO_0000019"	"assay format"	"Homo sapiens"	"None"	"None"	"None"	"None"	""	""	""	"CHEMBL2373"	"C5a anaphylatoxin chemotactic receptor"	"Homo sapiens"	"SINGLE PROTEIN"	"CHEMBL5209801"	"55"	"EUbOPEN Chemogenomic Library"	""	"2023"	"None"	"Reference agonist: C5a anaphylatoxin"	""
"CHEMBL4202825"	""	"None"	"379.45"	"0"	"2.44"	"EUB0000460a"	"N#Cc1c(N)nc(SCC(N)=O)c(C#N)c1-c1ccc(OCC2CC2)cc1"	"%Max (Mean)"	"'='"	"23.69"	"%"	""	""	"Agonist %Max (Mean)"	"UO_0000187"	""	""	""	""	"0"	"CHEMBL5209802"	"GPCR beta-arrestin recruitment assay with target: ADGRF1 Assay Type: PRESTO-Tango Concentration: 0.00001"	"F"	"BAO_0000019"	"assay format"	"Homo sapiens"	"None"	"None"	"None"	"None"	""	""	""	"CHEMBL4523872"	"Adhesion G-protein coupled receptor F1"	"Homo sapiens"	"SINGLE PROTEIN"	"CHEMBL5209801"	"55"	"EUbOPEN Chemogenomic Library"	""	"2023"	"None"	"Reference agonist: set to 10000 RLU"	""
"CHEMBL4202825"	""	"None"	"379.45"	"0"	"2.44"	"EUB0000460a"	"N#Cc1c(N)nc(SCC(N)=O)c(C#N)c1-c1ccc(OCC2CC2)cc1"	"%Max (Mean)"	"'='"	"10.07"	"%"	""	""	"Agonist %Max (Mean)"	"UO_0000187"	""	""	""	""	"0"	"CHEMBL5209835"	"GPCR beta-arrestin recruitment assay with target: GPR35 Assay Type: PRESTO-Tango Concentration: 0.00001"	"F"	"BAO_0000019"	"assay format"	"Homo sapiens"	"None"	"None"	"None"	"None"	""	""	""	"CHEMBL1293267"	"G-protein coupled receptor 35"	"Homo sapiens"	"SINGLE PROTEIN"	"CHEMBL5209801"	"55"	"EUbOPEN Chemogenomic Library"	""	"2023"	"None"	"Reference agonist: TC-G 1001"	""
"CHEMBL4202825"	""	"None"	"379.45"	"0"	"2.44"	"EUB0000460a"	"N#Cc1c(N)nc(SCC(N)=O)c(C#N)c1-c1ccc(OCC2CC2)cc1"	"%Inhib (Mean)"	"'='"	"24.22"	"%"	""	""	"Antagonist %Inhib (Mean)"	"UO_0000187"	""	""	""	""	"0"	"CHEMBL5209816"	"GPCR beta-arrestin recruitment assay with target: APLNR Assay Type: PRESTO-Tango Concentration: 0.0000004"	"F"	"BAO_0000019"	"assay format"	"Homo sapiens"	"None"	"None"	"None"	"None"	""	""	""	"CHEMBL1628481"	"Apelin receptor"	"Homo sapiens"	"SINGLE PROTEIN"	"CHEMBL5209801"	"55"	"EUbOPEN Chemogenomic Library"	""	"2023"	"None"	"Reference agonist: Apelin-13"	""
"CHEMBL4202825"	""	"None"	"379.45"	"0"	"2.44"	"EUB0000460a"	"N#Cc1c(N)nc(SCC(N)=O)c(C#N)c1-c1ccc(OCC2CC2)cc1"	"%Inhib (Mean)"	"'='"	"-25.73"	"%"	""	""	"Antagonist %Inhib (Mean)"	"UO_0000187"	""	""	""	""	"0"	"CHEMBL5209812"	"GPCR beta-arrestin recruitment assay with target: AGTR1 Assay Type: PRESTO-Tango Concentration: 0.000002"	"F"	"BAO_0000019"	"assay format"	"Homo sapiens"	"None"	"None"	"None"	"None"	""	""	""	"CHEMBL227"	"Type-1 angiotensin II receptor"	"Homo sapiens"	"SINGLE PROTEIN"	"CHEMBL5209801"	"55"	"EUbOPEN Chemogenomic Library"	""	"2023"	"None"	"Reference agonist: Angiotensin II"	""
"CHEMBL4202825"	""	"None"	"379.45"	"0"	"2.44"	"EUB0000460a"	"N#Cc1c(N)nc(SCC(N)=O)c(C#N)c1-c1ccc(OCC2CC2)cc1"	"%Max (Mean)"	"'='"	"-1.0"	"%"	""	""	"Agonist %Max (Mean)"	"UO_0000187"	""	""	""	""	"0"	"CHEMBL5209823"	"GPCR beta-arrestin recruitment assay with target: FFAR4 Assay Type: PRESTO-Tango Concentration: 0.00001"	"F"	"BAO_0000019"	"assay format"	"Homo sapiens"	"None"	"None"	"None"	"None"	""	""	""	"CHEMBL5339"	"G-protein coupled receptor 120"	"Homo sapiens"	"SINGLE PROTEIN"	"CHEMBL5209801"	"55"	"EUbOPEN Chemogenomic Library"	""	"2023"	"None"	"Hit: PAM | Reference agonist: GPR120 Compound A"	"POSITIVE ALLOSTERIC MODULATOR"
"CHEMBL4202825"	""	"None"	"379.45"	"0"	"2.44"	"EUB0000460a"	"N#Cc1c(N)nc(SCC(N)=O)c(C#N)c1-c1ccc(OCC2CC2)cc1"	"%Inhib (Mean)"	"'='"	"-61.07"	"%"	""	""	"Antagonist %Inhib (Mean)"	"UO_0000187"	""	""	""	""	"0"	"CHEMBL5209809"	"GPCR beta-arrestin recruitment assay with target: ADRB2 Assay Type: PRESTO-Tango Concentration: 0.000002"	"F"	"BAO_0000019"	"assay format"	"Homo sapiens"	"None"	"None"	"None"	"None"	""	""	""	"CHEMBL210"	"Beta-2 adrenergic receptor"	"Homo sapiens"	"SINGLE PROTEIN"	"CHEMBL5209801"	"55"	"EUbOPEN Chemogenomic Library"	""	"2023"	"None"	"Hit: PAM | Reference agonist: Zinterol"	"POSITIVE ALLOSTERIC MODULATOR"
"CHEMBL4202825"	""	"None"	"379.45"	"0"	"2.44"	"EUB0000460a"	"N#Cc1c(N)nc(SCC(N)=O)c(C#N)c1-c1ccc(OCC2CC2)cc1"	"%Max (Mean)"	"'='"	"-0.84"	"%"	""	""	"Agonist %Max (Mean)"	"UO_0000187"	""	""	""	""	"0"	"CHEMBL5209808"	"GPCR beta-arrestin recruitment assay with target: ADRB2 Assay Type: PRESTO-Tango Concentration: 0.00001"	"F"	"BAO_0000019"	"assay format"	"Homo sapiens"	"None"	"None"	"None"	"None"	""	""	""	"CHEMBL210"	"Beta-2 adrenergic receptor"	"Homo sapiens"	"SINGLE PROTEIN"	"CHEMBL5209801"	"55"	"EUbOPEN Chemogenomic Library"	""	"2023"	"None"	"Reference agonist: Zinterol"	""
"CHEMBL4202825"	""	"None"	"379.45"	"0"	"2.44"	"EUB0000460a"	"N#Cc1c(N)nc(SCC(N)=O)c(C#N)c1-c1ccc(OCC2CC2)cc1"	"%Inhib (Mean)"	"'='"	"-20.92"	"%"	""	""	"Antagonist %Inhib (Mean)"	"UO_0000187"	""	""	""	""	"0"	"CHEMBL5209828"	"GPCR beta-arrestin recruitment assay with target: FPR2 Assay Type: PRESTO-Tango Concentration: 0.0000004"	"F"	"BAO_0000019"	"assay format"	"Homo sapiens"	"None"	"None"	"None"	"None"	""	""	""	"CHEMBL4227"	"Lipoxin A4 receptor"	"Homo sapiens"	"SINGLE PROTEIN"	"CHEMBL5209801"	"55"	"EUbOPEN Chemogenomic Library"	""	"2023"	"None"	"Reference agonist: TC-FPR43"	""
"CHEMBL4202825"	""	"None"	"379.45"	"0"	"2.44"	"EUB0000460a"	"N#Cc1c(N)nc(SCC(N)=O)c(C#N)c1-c1ccc(OCC2CC2)cc1"	"%Inhib (Mean)"	"'='"	"-36.15"	"%"	""	""	"Antagonist %Inhib (Mean)"	"UO_0000187"	""	""	""	""	"0"	"CHEMBL5209822"	"GPCR beta-arrestin recruitment assay with target: CX3CR1 Assay Type: PRESTO-Tango Concentration: 0.0000004"	"F"	"BAO_0000019"	"assay format"	"Homo sapiens"	"None"	"None"	"None"	"None"	""	""	""	"CHEMBL4843"	"C-X3-C chemokine receptor 1"	"Homo sapiens"	"SINGLE PROTEIN"	"CHEMBL5209801"	"55"	"EUbOPEN Chemogenomic Library"	""	"2023"	"None"	"Hit: PAM | Reference agonist: hCX3CL1"	"POSITIVE ALLOSTERIC MODULATOR"
"CHEMBL4202825"	""	"None"	"379.45"	"0"	"2.44"	"EUB0000460a"	"N#Cc1c(N)nc(SCC(N)=O)c(C#N)c1-c1ccc(OCC2CC2)cc1"	"%Inhib (Mean)"	"'='"	"-28.3"	"%"	""	""	"Antagonist %Inhib (Mean)"	"UO_0000187"	""	""	""	""	"0"	"CHEMBL5209834"	"GPCR beta-arrestin recruitment assay with target: GPR119 Assay Type: PRESTO-Tango Concentration: 0.0000004"	"F"	"BAO_0000019"	"assay format"	"Homo sapiens"	"None"	"None"	"None"	"None"	""	""	""	"CHEMBL5652"	"Glucose-dependent insulinotropic receptor"	"Homo sapiens"	"SINGLE PROTEIN"	"CHEMBL5209801"	"55"	"EUbOPEN Chemogenomic Library"	""	"2023"	"None"	"Hit: PAM | Reference agonist: GSK1292263"	"POSITIVE ALLOSTERIC MODULATOR"
"CHEMBL4202825"	""	"None"	"379.45"	"0"	"2.44"	"EUB0000460a"	"N#Cc1c(N)nc(SCC(N)=O)c(C#N)c1-c1ccc(OCC2CC2)cc1"	"%Inhib (Mean)"	"'='"	"-26.4"	"%"	""	""	"Antagonist %Inhib (Mean)"	"UO_0000187"	""	""	""	""	"0"	"CHEMBL5209805"	"GPCR beta-arrestin recruitment assay with target: ADRA2A Assay Type: PRESTO-Tango Concentration: 0.00001"	"F"	"BAO_0000019"	"assay format"	"Homo sapiens"	"None"	"None"	"None"	"None"	""	""	""	"CHEMBL1867"	"Alpha-2a adrenergic receptor"	"Homo sapiens"	"SINGLE PROTEIN"	"CHEMBL5209801"	"55"	"EUbOPEN Chemogenomic Library"	""	"2023"	"None"	"Reference agonist: Oxymetazoline"	""
"CHEMBL4202825"	""	"None"	"379.45"	"0"	"2.44"	"EUB0000460a"	"N#Cc1c(N)nc(SCC(N)=O)c(C#N)c1-c1ccc(OCC2CC2)cc1"	"%Inhib (Mean)"	"'='"	"-48.47"	"%"	""	""	"Antagonist %Inhib (Mean)"	"UO_0000187"	""	""	""	""	"0"	"CHEMBL5209837"	"GPCR beta-arrestin recruitment assay with target: S1PR1 Assay Type: PRESTO-Tango Concentration: 0.000002"	"F"	"BAO_0000019"	"assay format"	"Homo sapiens"	"None"	"None"	"None"	"None"	""	""	""	"CHEMBL4333"	"Sphingosine 1-phosphate receptor Edg-1"	"Homo sapiens"	"SINGLE PROTEIN"	"CHEMBL5209801"	"55"	"EUbOPEN Chemogenomic Library"	""	"2023"	"None"	"Reference agonist: RP 001"	""
"CHEMBL4202825"	""	"None"	"379.45"	"0"	"2.44"	"EUB0000460a"	"N#Cc1c(N)nc(SCC(N)=O)c(C#N)c1-c1ccc(OCC2CC2)cc1"	"%Inhib (Mean)"	"'='"	"-80.63"	"%"	""	""	"Antagonist %Inhib (Mean)"	"UO_0000187"	""	""	""	""	"0"	"CHEMBL5209833"	"GPCR beta-arrestin recruitment assay with target: GPR119 Assay Type: PRESTO-Tango Concentration: 0.000002"	"F"	"BAO_0000019"	"assay format"	"Homo sapiens"	"None"	"None"	"None"	"None"	""	""	""	"CHEMBL5652"	"Glucose-dependent insulinotropic receptor"	"Homo sapiens"	"SINGLE PROTEIN"	"CHEMBL5209801"	"55"	"EUbOPEN Chemogenomic Library"	""	"2023"	"None"	"Hit: PAM | Reference agonist: GSK1292263"	"POSITIVE ALLOSTERIC MODULATOR"
"CHEMBL4202825"	""	"None"	"379.45"	"0"	"2.44"	"EUB0000460a"	"N#Cc1c(N)nc(SCC(N)=O)c(C#N)c1-c1ccc(OCC2CC2)cc1"	"%Max (Mean)"	"'='"	"-7.039"	"%"	""	""	"Agonist %Max (Mean)"	"UO_0000187"	""	""	""	""	"0"	"CHEMBL5209817"	"GPCR beta-arrestin recruitment assay with target: C5AR1 Assay Type: PRESTO-Tango Concentration: 0.00001"	"F"	"BAO_0000019"	"assay format"	"Homo sapiens"	"None"	"None"	"None"	"None"	""	""	""	"CHEMBL2373"	"C5a anaphylatoxin chemotactic receptor"	"Homo sapiens"	"SINGLE PROTEIN"	"CHEMBL5209801"	"55"	"EUbOPEN Chemogenomic Library"	""	"2023"	"None"	"Comments: Single plate screen. Agonist challenge gave 33% of max. response | Reference agonist: Anaphylatoxin"	""
"CHEMBL4202825"	""	"None"	"379.45"	"0"	"2.44"	"EUB0000460a"	"N#Cc1c(N)nc(SCC(N)=O)c(C#N)c1-c1ccc(OCC2CC2)cc1"	"%Inhib (Mean)"	"'='"	"-40.71"	"%"	""	""	"Antagonist %Inhib (Mean)"	"UO_0000187"	""	""	""	""	"0"	"CHEMBL5209808"	"GPCR beta-arrestin recruitment assay with target: ADRB2 Assay Type: PRESTO-Tango Concentration: 0.00001"	"F"	"BAO_0000019"	"assay format"	"Homo sapiens"	"None"	"None"	"None"	"None"	""	""	""	"CHEMBL210"	"Beta-2 adrenergic receptor"	"Homo sapiens"	"SINGLE PROTEIN"	"CHEMBL5209801"	"55"	"EUbOPEN Chemogenomic Library"	""	"2023"	"None"	"Reference agonist: Zinterol"	""
"CHEMBL4202825"	""	"None"	"379.45"	"0"	"2.44"	"EUB0000460a"	"N#Cc1c(N)nc(SCC(N)=O)c(C#N)c1-c1ccc(OCC2CC2)cc1"	"%Inhib (Mean)"	"'='"	"-12.75"	"%"	""	""	"Antagonist %Inhib (Mean)"	"UO_0000187"	""	""	""	""	"0"	"CHEMBL5209819"	"GPCR beta-arrestin recruitment assay with target: C5AR1 Assay Type: PRESTO-Tango Concentration: 0.0000004"	"F"	"BAO_0000019"	"assay format"	"Homo sapiens"	"None"	"None"	"None"	"None"	""	""	""	"CHEMBL2373"	"C5a anaphylatoxin chemotactic receptor"	"Homo sapiens"	"SINGLE PROTEIN"	"CHEMBL5209801"	"55"	"EUbOPEN Chemogenomic Library"	""	"2023"	"None"	"Reference agonist: C5a anaphylatoxin"	""
"CHEMBL4202825"	""	"None"	"379.45"	"0"	"2.44"	"EUB0000460a"	"N#Cc1c(N)nc(SCC(N)=O)c(C#N)c1-c1ccc(OCC2CC2)cc1"	"%Inhib (Mean)"	"'='"	"17.22"	"%"	""	""	"Antagonist %Inhib (Mean)"	"UO_0000187"	""	""	""	""	"0"	"CHEMBL5209805"	"GPCR beta-arrestin recruitment assay with target: ADRA2A Assay Type: PRESTO-Tango Concentration: 0.00001"	"F"	"BAO_0000019"	"assay format"	"Homo sapiens"	"None"	"None"	"None"	"None"	""	""	""	"CHEMBL1867"	"Alpha-2a adrenergic receptor"	"Homo sapiens"	"SINGLE PROTEIN"	"CHEMBL5209801"	"55"	"EUbOPEN Chemogenomic Library"	""	"2023"	"None"	"Reference agonist: Oxymetazoline"	""
"CHEMBL4202825"	""	"None"	"379.45"	"0"	"2.44"	"EUB0000460a"	"N#Cc1c(N)nc(SCC(N)=O)c(C#N)c1-c1ccc(OCC2CC2)cc1"	"%Max (Mean)"	"'='"	"-4.332"	"%"	""	""	"Agonist %Max (Mean)"	"UO_0000187"	""	""	""	""	"0"	"CHEMBL5209811"	"GPCR beta-arrestin recruitment assay with target: AGTR1 Assay Type: PRESTO-Tango Concentration: 0.00001"	"F"	"BAO_0000019"	"assay format"	"Homo sapiens"	"None"	"None"	"None"	"None"	""	""	""	"CHEMBL227"	"Type-1 angiotensin II receptor"	"Homo sapiens"	"SINGLE PROTEIN"	"CHEMBL5209801"	"55"	"EUbOPEN Chemogenomic Library"	""	"2023"	"None"	"Reference agonist: Angiotensin II"	""
"CHEMBL4202825"	""	"None"	"379.45"	"0"	"2.44"	"EUB0000460a"	"N#Cc1c(N)nc(SCC(N)=O)c(C#N)c1-c1ccc(OCC2CC2)cc1"	"%Inhib (Mean)"	"'='"	"-4.014"	"%"	""	""	"Antagonist %Inhib (Mean)"	"UO_0000187"	""	""	""	""	"0"	"CHEMBL5209811"	"GPCR beta-arrestin recruitment assay with target: AGTR1 Assay Type: PRESTO-Tango Concentration: 0.00001"	"F"	"BAO_0000019"	"assay format"	"Homo sapiens"	"None"	"None"	"None"	"None"	""	""	""	"CHEMBL227"	"Type-1 angiotensin II receptor"	"Homo sapiens"	"SINGLE PROTEIN"	"CHEMBL5209801"	"55"	"EUbOPEN Chemogenomic Library"	""	"2023"	"None"	"Reference agonist: Angiotensin II"	""
